BILL_CUSTOMER_SID,ORDER_DATE,DAYS_SINCE_LAST_PURCHASE,EXTENDED_PRICE,IS_CHURNED
151.0,2024-03-22,52,305.8,False
154.0,2024-03-21,53,7382.2,False
169.0,2024-03-15,59,519.6600000000001,False
207.0,2024-03-12,62,5627.36,False
208.0,2024-03-22,52,3521.82,False
214.0,2024-03-21,53,181799.03,False
234.0,2024-03-20,54,17063.34,False
236.0,2024-03-22,52,100844.37,False
238.0,2024-03-09,65,-224.52,False
240.0,2024-03-22,52,9257.6,False
249.0,2024-03-22,52,152009.4,False
261.0,2024-03-06,68,-71.86,False
263.0,2024-03-18,56,10377.99,False
265.0,2024-03-22,52,131343.76,False
275.0,2024-03-13,61,262.0,False
299.0,2024-03-21,53,19321.75,False
303.0,2024-03-20,54,37711.38,False
308.0,2024-03-12,62,4748.0,False
317.0,2024-03-15,59,565.0,False
322.0,2024-03-18,56,10241.26,False
330.0,2024-03-21,53,179823.02,False
349.0,2024-03-19,55,44385.09,False
352.0,2024-03-19,55,48226.28,False
368.0,2024-03-13,61,656.88,False
374.0,2024-03-14,60,28648.89,False
381.0,2024-03-11,63,5815.65,False
382.0,2024-03-22,52,184652.34,False
384.0,2024-03-18,56,4351.39,False
411.0,2024-03-14,60,10808.619999999999,False
417.0,2024-03-20,54,52873.159999999996,False
438.0,2024-03-22,52,61374.93,False
444.0,2024-03-12,62,480.7,False
460.0,2024-03-08,66,-71.02,False
481.0,2024-03-21,53,5934.18,False
545.0,2024-03-15,59,8055.68,False
556.0,2024-03-22,52,375.98,False
557.0,2024-03-13,61,21177.91,False
559.0,2024-03-19,55,24304.14,False
577.0,2024-03-06,68,2149.0,False
580.0,2024-03-18,56,2145.32,False
585.0,2024-03-18,56,4856.86,False
608.0,2024-03-13,61,37844.88,False
648.0,2024-03-21,53,-111.84,False
654.0,2024-03-08,66,3240.0,False
670.0,2024-03-18,56,6115.41,False
683.0,2024-03-15,59,3739.21,False
687.0,2024-03-15,59,6621.76,False
690.0,2024-03-07,67,-389.64,False
692.0,2024-03-20,54,19782.19,False
698.0,2024-03-14,60,433.2,False
699.0,2024-03-14,60,10880.84,False
709.0,2024-03-21,53,168079.2,False
714.0,2024-03-13,61,-2227.71,False
744.0,2023-06-29,319,5.72,True
747.0,2023-06-23,325,72.18,True
750.0,2024-03-08,66,3536.0,False
755.0,2024-03-12,62,1985.93,False
761.0,2024-03-21,53,1080.07,False
772.0,2024-03-20,54,787.76,False
775.0,2024-03-20,54,11879.029999999999,False
781.0,2024-03-08,66,4254.45,False
800.0,2024-03-20,54,19033.15,False
802.0,2024-03-13,61,1596.02,False
817.0,2024-03-12,62,6250.68,False
848.0,2024-03-18,56,3451.36,False
868.0,2024-03-19,55,5237.52,False
871.0,2024-03-15,59,807.0,False
872.0,2024-03-19,55,36378.3,False
891.0,2024-03-21,53,40343.5,False
898.0,2024-03-22,52,4519.67,False
904.0,2024-03-20,54,9698.56,False
906.0,2024-03-08,66,4963.48,False
920.0,2024-03-20,54,535.4,False
927.0,2024-03-20,54,30319.989999999998,False
932.0,2023-06-20,328,897.3299999999999,True
933.0,2024-03-20,54,0.0,False
954.0,2024-03-07,67,4265.49,False
980.0,2024-03-20,54,845.12,False
994.0,2024-03-22,52,92652.95,False
995.0,2024-03-14,60,7574.61,False
1003.0,2024-03-21,53,17493.71,False
1032.0,2024-03-20,54,14031.9,False
1037.0,2024-03-11,63,13299.03,False
1042.0,2024-03-20,54,6838.8,False
1043.0,2024-03-11,63,46293.060000000005,False
1058.0,2024-03-19,55,0.0,False
1065.0,2024-03-20,54,11011.85,False
1069.0,2024-03-14,60,1563.94,False
1081.0,2024-03-12,62,-553.79,False
1098.0,2024-03-11,63,3787.5,False
1123.0,2024-03-20,54,6287.85,False
1124.0,2024-03-15,59,3515.21,False
1137.0,2024-03-13,61,4850.18,False
1140.0,2024-03-21,53,302.05,False
1141.0,2024-03-14,60,3960.18,False
1154.0,2024-03-21,53,9405.78,False
1159.0,2024-03-22,52,7898.85,False
1181.0,2024-03-12,62,3995.2,False
1191.0,2024-03-18,56,1558.12,False
1302.0,2024-03-11,63,5420.15,False
1317.0,2024-03-13,61,18901.36,False
1324.0,2024-03-14,60,9673.92,False
1335.0,2024-03-13,61,730.85,False
1339.0,2024-03-22,52,4402.58,False
1342.0,2024-03-11,63,4052.08,False
1357.0,2024-03-15,59,8909.710000000001,False
1368.0,2024-03-22,52,18307.05,False
1373.0,2024-03-13,61,4457.42,False
1380.0,2024-03-22,52,12656.369999999999,False
1390.0,2024-03-14,60,7911.150000000001,False
1395.0,2024-03-14,60,3315.24,False
1398.0,2024-03-08,66,5110.2,False
1403.0,2024-03-14,60,4481.360000000001,False
1404.0,2024-03-15,59,10820.18,False
1405.0,2024-03-20,54,2155.21,False
1435.0,2024-03-14,60,6101.610000000001,False
1440.0,2024-03-12,62,202.39999999999998,False
1446.0,2024-03-20,54,-265.9,False
1450.0,2023-06-21,327,60.15,True
1459.0,2024-03-07,67,1208.4,False
1460.0,2024-03-06,68,1632.0900000000001,False
1465.0,2024-03-22,52,26208.9,False
1471.0,2024-03-14,60,12685.58,False
1482.0,2024-03-06,68,-981.36,False
1483.0,2024-03-22,52,31590.219999999998,False
1499.0,2024-03-15,59,13853.2,False
1510.0,2024-03-19,55,4996.66,False
1520.0,2024-03-21,53,15018.109999999999,False
1536.0,2024-03-22,52,38846.76,False
1537.0,2024-03-22,52,296187.27,False
1539.0,2024-03-07,67,1629.48,False
1542.0,2024-03-21,53,18396.85,False
1547.0,2024-03-07,67,68.76,False
1551.0,2024-03-14,60,9133.05,False
1562.0,2024-03-14,60,6385.24,False
1570.0,2024-03-22,52,15931.84,False
1583.0,2024-03-14,60,0.0,False
1593.0,2024-03-18,56,11952.96,False
1615.0,2024-03-13,61,7555.96,False
1621.0,2024-03-18,56,3046.5,False
1634.0,2024-03-20,54,12573.7,False
1644.0,2024-03-20,54,20470.84,False
1664.0,2024-03-13,61,371.5,False
1671.0,2024-03-22,52,25909.489999999998,False
1681.0,2024-03-19,55,8485.2,False
1690.0,2024-03-08,66,387.90999999999997,False
1704.0,2023-06-27,321,243.37,True
1706.0,2024-03-21,53,14790.599999999999,False
1725.0,2024-03-22,52,11353.41,False
1730.0,2024-03-13,61,163.49,False
1758.0,2024-03-19,55,524.7,False
1765.0,2024-03-20,54,0.0,False
1768.0,2024-03-22,52,34617.87,False
1781.0,2024-03-18,56,10538.57,False
1782.0,2024-03-19,55,3702.69,False
1787.0,2024-03-22,52,66691.49,False
1817.0,2024-03-07,67,279.44,False
1826.0,2024-03-18,56,25826.12,False
1830.0,2024-03-22,52,35464.72,False
1835.0,2023-06-27,321,711.96,True
1846.0,2024-03-19,55,8171.68,False
1862.0,2024-03-21,53,5538.11,False
1885.0,2024-03-21,53,18936.18,False
1917.0,2024-03-18,56,406.65,False
1956.0,2021-09-14,972,3049.68,True
1959.0,2024-03-15,59,11661.79,False
1960.0,2024-03-12,62,46045.62,False
1965.0,2024-03-14,60,12887.14,False
1985.0,2024-03-13,61,-3500.0,False
2004.0,2024-05-13,0,30909.02,False
2009.0,2024-03-07,67,839.25,False
2018.0,2024-03-20,54,25316.88,False
2026.0,2024-03-20,54,4987.78,False
2027.0,2024-03-18,56,6680.34,False
2051.0,2024-03-22,52,6738.4,False
2063.0,2024-03-06,68,1461.8400000000001,False
2066.0,2024-03-21,53,12053.78,False
2071.0,2024-03-20,54,15280.45,False
2075.0,2024-03-12,62,-7032.88,False
2078.0,2024-03-20,54,19804.91,False
2081.0,2024-03-18,56,5997.58,False
2097.0,2024-03-22,52,45576.340000000004,False
2100.0,2024-03-13,61,7506.83,False
2106.0,2024-03-20,54,4871.75,False
2108.0,2024-03-22,52,563156.33,False
2117.0,2024-03-14,60,9007.59,False
2125.0,2024-03-14,60,9460.1,False
2139.0,2024-03-21,53,2375.84,False
2161.0,2024-03-20,54,69611.79,False
2163.0,2024-03-06,68,1077.12,False
2165.0,2024-03-19,55,464.4,False
2166.0,2024-03-21,53,10275.38,False
2167.0,2024-03-21,53,27869.04,False
2185.0,2024-03-22,52,205373.53,False
2195.0,2024-03-18,56,11105.66,False
2205.0,2024-03-06,68,1540.4,False
2216.0,2024-03-20,54,23877.760000000002,False
2259.0,2024-03-13,61,4089.28,False
2283.0,2024-03-13,61,312.12,False
2294.0,2024-03-20,54,8718.67,False
2305.0,2024-03-11,63,5589.44,False
2315.0,2024-03-18,56,1480.32,False
2342.0,2024-03-11,63,12074.740000000002,False
2348.0,2024-03-13,61,4373.42,False
2361.0,2024-03-18,56,6182.96,False
2435.0,2024-03-13,61,4356.59,False
2496.0,2024-03-08,66,4696.33,False
2500.0,2024-03-19,55,728.6400000000001,False
2510.0,2024-03-13,61,10692.77,False
2534.0,2024-03-07,67,12710.26,False
2535.0,2024-03-20,54,9256.81,False
2537.0,2024-03-19,55,2938.2799999999997,False
2559.0,2024-03-13,61,9931.32,False
2561.0,2024-03-13,61,2450.0,False
2575.0,2024-03-14,60,205991.17,False
2602.0,2024-03-14,60,0.0,False
2603.0,2024-03-11,63,35382.88,False
2604.0,2024-03-21,53,65701.74,False
2605.0,2024-03-21,53,8165.97,False
2608.0,2024-03-19,55,68570.04,False
2609.0,2024-03-19,55,4032.61,False
2613.0,2024-03-08,66,14993.78,False
2615.0,2024-03-20,54,89821.6,False
2625.0,2024-03-22,52,4316.29,False
2627.0,2024-03-08,66,466.78,False
2628.0,2024-03-20,54,14202.32,False
2669.0,2024-03-06,68,21808.8,False
2674.0,2024-03-18,56,3826.4,False
2694.0,2024-03-22,52,66421.9,False
2699.0,2024-03-13,61,7578.28,False
2700.0,2024-03-21,53,3698.42,False
2704.0,2024-03-07,67,884.9,False
2707.0,2024-03-22,52,14537.34,False
2708.0,2024-03-22,52,79843.07,False
2716.0,2024-03-08,66,8175.62,False
2717.0,2024-03-21,53,19107.08,False
2720.0,2024-03-14,60,1548.88,False
2723.0,2024-03-22,52,72783.28,False
2726.0,2024-03-14,60,5370.64,False
2727.0,2024-03-21,53,9703.99,False
2732.0,2024-03-22,52,266157.56,False
2735.0,2024-03-20,54,29008.68,False
2737.0,2024-03-20,54,35946.12,False
2738.0,2024-03-22,52,10800.789999999999,False
2742.0,2024-03-18,56,3985.62,False
2748.0,2024-03-19,55,4140.9,False
2750.0,2024-03-13,61,299.32,False
2751.0,2024-03-12,62,3619.75,False
2752.0,2024-03-22,52,96171.0,False
2753.0,2024-03-20,54,119429.84,False
2755.0,2024-03-20,54,39309.96,False
2760.0,2024-03-22,52,70837.74,False
2764.0,2024-03-18,56,9454.53,False
2766.0,2024-03-11,63,19330.78,False
2767.0,2024-03-22,52,788728.3,False
2774.0,2024-03-18,56,3894.86,False
2791.0,2024-03-21,53,5792.7,False
2792.0,2024-03-21,53,145891.09,False
2794.0,2024-03-20,54,28106.510000000002,False
2797.0,2024-03-22,52,67009.28,False
2800.0,2024-03-20,54,19249.3,False
2803.0,2024-03-21,53,36059.69,False
2805.0,2024-03-07,67,5434.28,False
2806.0,2024-03-21,53,58272.04,False
2807.0,2024-03-19,55,712.56,False
2810.0,2024-03-20,54,128285.62,False
2812.0,2024-03-22,52,3611.04,False
2815.0,2024-03-22,52,2140692.18,False
2816.0,2024-03-15,59,18083.760000000002,False
2819.0,2024-03-22,52,780516.7,False
2821.0,2024-03-22,52,269570.02,False
2827.0,2024-03-21,53,20059.56,False
2828.0,2024-03-20,54,5507.87,False
2831.0,2024-03-21,53,441013.67,False
2834.0,2024-03-21,53,78901.27,False
2837.0,2024-03-22,52,311244.63,False
2838.0,2024-03-19,55,4704.81,False
2841.0,2024-03-22,52,6315.54,False
2843.0,2024-03-21,53,70069.68,False
2847.0,2024-03-22,52,5415.85,False
2848.0,2024-03-22,52,34010.37,False
2849.0,2024-03-19,55,38108.2,False
2858.0,2024-03-20,54,20442.98,False
2859.0,2024-03-15,59,2772.48,False
2860.0,2024-03-20,54,8727.32,False
2863.0,2024-03-19,55,235363.54,False
2865.0,2024-03-22,52,984386.3,False
2867.0,2024-03-22,52,148078.61,False
2870.0,2024-03-15,59,533.94,False
2872.0,2024-03-21,53,20537.05,False
2873.0,2024-03-22,52,108448.11,False
2879.0,2024-03-21,53,101705.05,False
2882.0,2024-03-18,56,18368.29,False
2884.0,2024-03-21,53,150856.87,False
2890.0,2024-03-14,60,6911.34,False
2903.0,2024-03-22,52,111611.95,False
2904.0,2024-03-22,52,13880.61,False
2908.0,2024-03-18,56,24324.09,False
2909.0,2024-03-20,54,7997.12,False
2910.0,2024-03-14,60,17774.97,False
2911.0,2024-03-13,61,767.19,False
2912.0,2024-03-20,54,6004.0,False
2917.0,2024-03-18,56,4164.39,False
2920.0,2024-03-21,53,106029.49,False
2921.0,2024-03-12,62,9015.83,False
2922.0,2024-03-07,67,11414.46,False
2923.0,2024-03-19,55,13204.74,False
2926.0,2024-03-12,62,47496.78,False
2928.0,2024-03-22,52,14618.800000000001,False
2930.0,2024-03-19,55,13539.2,False
2938.0,2024-03-15,59,240.57,False
2940.0,2024-03-18,56,40228.840000000004,False
2943.0,2024-03-19,55,28253.66,False
2959.0,2024-03-21,53,15140.8,False
2961.0,2024-03-22,52,16686.1,False
2962.0,2024-03-06,68,0.0,False
2968.0,2024-03-22,52,139895.28,False
2969.0,2024-03-22,52,5388.66,False
2978.0,2024-03-18,56,10381.2,False
2982.0,2024-03-20,54,8022.22,False
2987.0,2024-03-20,54,7088.42,False
2988.0,2024-03-20,54,3822.02,False
2992.0,2024-03-22,52,67611.77,False
2995.0,2024-03-21,53,31676.15,False
3003.0,2024-03-18,56,21114.37,False
3009.0,2024-03-20,54,3383.29,False
3013.0,2024-03-21,53,131314.98,False
3017.0,2024-03-06,68,1055.75,False
3019.0,2024-03-18,56,26689.42,False
3021.0,2024-03-22,52,150882.22,False
3024.0,2024-03-19,55,76482.01,False
3025.0,2024-03-12,62,3840.63,False
3026.0,2024-03-22,52,10678.25,False
3033.0,2024-03-14,60,4682.76,False
3037.0,2024-03-22,52,29090.24,False
3041.0,2024-03-21,53,249841.08,False
3047.0,2024-03-21,53,3260.0,False
3049.0,2024-03-18,56,62732.45,False
3050.0,2024-03-22,52,198963.46,False
3054.0,2024-03-21,53,50696.58,False
3055.0,2024-03-22,52,51348.54,False
3061.0,2024-03-21,53,20010.0,False
3062.0,2024-03-21,53,17692.69,False
3063.0,2024-03-20,54,14776.35,False
3065.0,2024-03-22,52,106005.62,False
3068.0,2024-03-15,59,10670.65,False
3069.0,2024-03-08,66,3631.55,False
3145.0,2024-03-22,52,3240.69,False
3199.0,2024-03-04,70,395.47999999999996,False
3232.0,2024-03-22,52,305764.57,False
3241.0,2024-03-14,60,2154.94,False
3271.0,2024-03-21,53,44050.0,False
3285.0,2024-03-08,66,14516.3,False
3322.0,2024-03-18,56,38826.0,False
3324.0,2024-03-07,67,8208.0,False
3326.0,2024-03-21,53,26999.7,False
3404.0,2024-03-07,67,4220.0,False
3413.0,2024-03-21,53,7691.27,False
3418.0,2024-03-12,62,20477.5,False
3427.0,2024-03-14,60,2151.22,False
3431.0,2024-03-19,55,14889.23,False
3437.0,2024-03-22,52,15280.1,False
3440.0,2024-03-13,61,3680.4,False
3444.0,2024-03-12,62,6359.04,False
3448.0,2024-03-12,62,8342.14,False
3452.0,2024-03-20,54,3140.0,False
3454.0,2024-03-22,52,640.16,False
3455.0,2024-03-21,53,3330.72,False
3460.0,2024-03-21,53,194408.04,False
3465.0,2024-03-22,52,823.2,False
3477.0,2024-03-20,54,527.04,False
3481.0,2024-03-22,52,20960.979,False
3628.0,2024-03-22,52,36748.1825,False
3842.0,2024-03-22,52,1834.8,False
3881.0,2024-03-22,52,42344.32,False
3885.0,2024-03-18,56,952.05,False
3897.0,2024-03-06,68,4847.81,False
3902.0,2024-03-22,52,0.0,False
3907.0,2024-03-19,55,17279.88,False
3910.0,2024-03-18,56,272.48,False
3921.0,2024-03-22,52,1539804.23,False
3934.0,2024-03-20,54,90599.11,False
3941.0,2024-03-07,67,5702.42,False
3971.0,2024-03-20,54,34922.28,False
3980.0,2024-03-06,68,3867.82,False
3983.0,2024-03-20,54,4899.74,False
3989.0,2024-03-22,52,451573.22000000003,False
3991.0,2024-03-22,52,180059.98,False
3994.0,2024-03-22,52,7283.099999999999,False
3997.0,2024-03-11,63,5786.3,False
3998.0,2024-03-15,59,3659.37,False
4004.0,2024-03-20,54,40402.119999999995,False
4005.0,2024-03-19,55,8066.99,False
4006.0,2024-03-19,55,615.4499999999998,False
4008.0,2024-03-22,52,8309.17,False
4011.0,2024-03-20,54,8148.78,False
4014.0,2024-03-14,60,6830.4,False
4018.0,2024-03-22,52,4956.93,False
4027.0,2024-03-21,53,60428.1,False
4030.0,2024-03-19,55,33900.57,False
4034.0,2024-03-19,55,6409.69,False
4036.0,2024-03-22,52,0.0,False
4045.0,2024-03-22,52,455.8299999999999,False
4048.0,2024-03-22,52,9060.42,False
4051.0,2024-03-22,52,25785.0,False
4053.0,2024-03-21,53,55325.96,False
4060.0,2024-03-22,52,94029.53,False
4063.0,2024-03-22,52,60863.44,False
4298.0,2024-03-20,54,0.0,False
4313.0,2024-03-16,58,-32.95,False
4460.0,2024-03-18,56,4633.96,False
4760.0,2024-03-15,59,61291.74,False
4965.0,2024-03-12,62,250.08,False
5171.0,2024-03-20,54,100800.0,False
5650.0,2024-03-22,52,8127.23,False
6025.0,2024-03-22,52,514.08,False
6296.0,2024-03-19,55,33544.69,False
6454.0,2024-03-07,67,4694.37,False
6476.0,2024-03-08,66,1860.0,False
6733.0,2024-03-20,54,-1958.91,False
6780.0,2024-03-18,56,455.75,False
6797.0,2024-03-20,54,26501.64,False
7825.0,2024-03-21,53,48969.1,False
8516.0,2024-03-12,62,3868.1600000000003,False
8524.0,2024-03-20,54,18010.52,False
8560.0,2024-03-13,61,6164.32,False
8563.0,2024-03-22,52,62464.840000000004,False
8570.0,2024-03-11,63,3557.75,False
8614.0,2024-03-20,54,22272.96,False
8630.0,2024-03-11,63,4358.83,False
8661.0,2024-03-21,53,2659.41,False
9292.0,2024-03-19,55,9702.65,False
9371.0,2024-03-12,62,571.0600000000001,False
9535.0,2024-03-19,55,66751.1,False
13852.0,2024-03-06,68,383.31,False
15040.0,2024-03-21,53,1933.46,False
15780.0,2024-03-14,60,3650.1,False
16435.0,2024-03-15,59,3929.66,False
16449.0,2024-03-13,61,23350.920000000002,False
17017.0,2024-03-20,54,79648.97,False
17039.0,2024-03-08,66,1123.92,False
17147.0,2024-03-06,68,18944.52,False
17148.0,2024-03-18,56,437.0,False
17175.0,2024-03-18,56,866.64,False
17351.0,2024-03-21,53,3720.06,False
17527.0,2024-03-06,68,411.54,False
17635.0,2024-03-21,53,65536.87,False
17663.0,2024-03-08,66,3486.48,False
18012.0,2024-03-19,55,3959.81,False
18023.0,2024-03-19,55,76603.8,False
18211.0,2024-03-14,60,975.195,False
18353.0,2024-03-15,59,29123.4,False
18524.0,2024-03-08,66,665.64,False
18608.0,2024-03-09,65,-2349.06,False
18745.0,2024-03-15,59,310.36,False
18870.0,2024-03-20,54,55.2,False
18902.0,2024-03-22,52,27533.9,False
18960.0,2024-03-19,55,22743.41,False
19022.0,2024-03-14,60,-62.0,False
19161.0,2024-03-13,61,4089.0,False
19180.0,2024-03-21,53,0.0,False
19239.0,2024-03-08,66,901.87,False
19450.0,2024-03-07,67,2795.12,False
19545.0,2024-03-22,52,8225.6,False
19551.0,2024-03-11,63,6217.36,False
19552.0,2024-03-22,52,10123.84,False
19595.0,2024-03-15,59,1732.48,False
19607.0,2024-03-13,61,13149.22,False
19716.0,2024-03-15,59,1208.24,False
19800.0,2024-03-21,53,-64.53,False
19833.0,2024-03-07,67,1842.6999999999998,False
19846.0,2024-03-14,60,5761.62,False
19869.0,2024-03-08,66,5237.29,False
19971.0,2024-03-07,67,3570.61,False
19983.0,2024-03-19,55,10591.25,False
19997.0,2024-03-14,60,692.48,False
20087.0,2024-03-18,56,2119.4,False
20244.0,2024-03-18,56,5499.5,False
20287.0,2024-03-07,67,3689.4,False
20313.0,2024-03-19,55,4451.65,False
20314.0,2024-03-18,56,566.0999999999999,False
20391.0,2024-03-08,66,4088.7200000000003,False
20445.0,2024-03-13,61,4259.22,False
20448.0,2024-03-13,61,1132.32,False
20511.0,2024-03-19,55,29349.559999999998,False
20688.0,2024-03-19,55,16721.6254,False
20863.0,2024-03-19,55,5426.5,False
20945.0,2024-03-20,54,26341.56,False
21178.0,2024-03-20,54,258.06,False
21183.0,2024-03-21,53,130958.64,False
21279.0,2024-03-11,63,1437.1544999999999,False
21332.0,2024-03-08,66,-120.0,False
21417.0,2024-03-18,56,3486.25,False
21507.0,2024-03-21,53,1773.3,False
21701.0,2024-03-20,54,17412.8,False
21896.0,2024-03-21,53,17188.9,False
22140.0,2024-03-13,61,1131.72,False
22157.0,2024-03-20,54,7966.46,False
22176.0,2024-03-22,52,346978.73,False
22282.0,2024-03-22,52,16440.85,False
22404.0,2024-03-18,56,19666.329999999998,False
22454.0,2024-03-14,60,307.91999999999996,False
22619.0,2024-03-20,54,45435.98,False
22650.0,2024-03-08,66,3630.64,False
22761.0,2024-03-22,52,182176.88,False
22815.0,2024-03-08,66,3528.5,False
22922.0,2024-03-15,59,3766.1600000000003,False
22982.0,2024-03-13,61,2922.45,False
23016.0,2024-03-06,68,11118.2,False
23183.0,2024-03-06,68,14655.69,False
23194.0,2024-03-21,53,187842.82,False
23410.0,2024-03-18,56,13933.2,False
23591.0,2024-03-20,54,2236.38,False
23845.0,2024-03-19,55,7975.76,False
23910.0,2024-03-08,66,4073.28,False
23920.0,2024-03-21,53,13105.460000000001,False
24278.0,2024-03-18,56,1013.4,False
24356.0,2024-03-18,56,7222.54,False
24466.0,2024-03-06,68,13245.0,False
24617.0,2024-03-15,59,694.53,False
24702.0,2024-03-08,66,9007.48,False
24949.0,2024-03-06,68,10808.7,False
24958.0,2024-03-21,53,119741.02,False
24971.0,2024-03-16,58,51790.12,False
24990.0,2024-03-19,55,14380.16,False
25220.0,2024-03-22,52,50069.64,False
25230.0,2024-03-18,56,3160.0,False
25265.0,2024-03-22,52,125861.49,False
25447.0,2023-06-22,326,9.56,True
25587.0,2024-03-20,54,14845.98,False
25842.0,2024-03-15,59,498.56,False
26131.0,2024-03-19,55,5435.72,False
26414.0,2024-03-08,66,386.16,False
26475.0,2024-03-08,66,344.03999999999996,False
26497.0,2024-03-14,60,949.6,False
26522.0,2024-03-21,53,39418.77,False
26528.0,2024-03-19,55,-157.85000000000008,False
26565.0,2024-03-08,66,20760.56,False
27187.0,2024-03-07,67,628.32,False
27256.0,2024-03-19,55,15726.6,False
27428.0,2024-03-15,59,3851.52,False
27442.0,2024-03-08,66,3732.92,False
27564.0,2024-03-20,54,7694.1,False
27669.0,2024-03-14,60,607.2,False
27681.0,2024-03-18,56,7400.0,False
27834.0,2024-03-15,59,2946.2400000000002,False
27866.0,2024-03-13,61,3704.0,False
27870.0,2024-03-15,59,3525.19,False
27930.0,2024-03-18,56,7596.8,False
28367.0,2024-03-11,63,790.8,False
28502.0,2024-03-14,60,986.96,False
28510.0,2024-03-19,55,663.06,False
28511.0,2024-03-19,55,15420.24,False
28631.0,2024-03-19,55,11422.49,False
28635.0,2024-03-21,53,420.76,False
29396.0,2024-03-07,67,2610.72,False
29734.0,2024-03-14,60,513.8,False
30185.0,2024-03-20,54,261.24,False
30238.0,2024-03-12,62,2508.55,False
30420.0,2024-03-21,53,22912.61,False
30494.0,2024-03-18,56,3778.41,False
30663.0,2024-03-21,53,593.4,False
30716.0,2024-03-18,56,66.8,False
30902.0,2024-03-12,62,4297.16,False
30988.0,2024-03-12,62,12024.48,False
31065.0,2024-03-18,56,314.16,False
31112.0,2024-03-12,62,1369.81,False
31478.0,2024-03-19,55,9668.0,False
31599.0,2024-03-21,53,68344.6,False
31681.0,2024-03-18,56,1286.8,False
31686.0,2024-03-07,67,507.3,False
31710.0,2024-03-21,53,3380.57,False
31922.0,2024-03-14,60,4869.2300000000005,False
32188.0,2024-03-22,52,66455.52,False
32247.0,2024-03-21,53,3629.23,False
32636.0,2024-03-21,53,5410.83,False
32693.0,2024-03-19,55,6362.7699999999995,False
32722.0,2024-03-14,60,1098.21,False
32723.0,2024-03-21,53,101060.0,False
32783.0,2024-03-18,56,1383.08,False
32824.0,2024-03-19,55,4300.68,False
32964.0,2024-03-19,55,4662.24,False
33001.0,2024-04-19,24,91219.42,False
33047.0,2024-03-11,63,103454.3,False
33091.0,2024-03-20,54,1129.58,False
33093.0,2024-03-19,55,14613.16,False
33109.0,2024-03-19,55,5977.030000000001,False
33159.0,2024-03-21,53,2633.6,False
33201.0,2024-03-11,63,11966.78,False
33284.0,2024-03-11,63,4884.780000000001,False
33455.0,2024-03-20,54,4602.88,False
33495.0,2024-03-11,63,40000.0,False
33623.0,2024-03-12,62,5276.85,False
33640.0,2024-03-19,55,3533.2,False
33667.0,2024-03-19,55,5149.8,False
33738.0,2024-03-21,53,13511.619999999999,False
33812.0,2024-03-11,63,326.1,False
34081.0,2023-06-26,322,76.48,True
34090.0,2024-03-08,66,-3100.0,False
34288.0,2024-03-18,56,289.20000000000005,False
34437.0,2024-03-15,59,1122.74,False
35103.0,2024-03-19,55,14685.539999999999,False
35143.0,2024-03-08,66,0.0,False
35299.0,2024-03-22,52,-36835.81,False
35455.0,2024-03-07,67,315.08,False
35526.0,2024-03-27,47,301711.2929,False
35779.0,2024-03-19,55,489.9,False
35850.0,2024-03-11,63,4136.16,False
35858.0,2024-03-11,63,-54.11,False
35880.0,2024-03-22,52,2686.1,False
36083.0,2024-03-19,55,3894.21,False
36096.0,2024-03-06,68,645.0,False
36103.0,2024-03-21,53,21812.25,False
36161.0,2023-06-27,321,967.442,True
36257.0,2024-03-08,66,722.0,False
36315.0,2024-03-18,56,70.77,False
36334.0,2024-03-12,62,0.0,False
36338.0,2024-03-08,66,13515.02,False
36360.0,2024-03-13,61,588.8,False
36423.0,2024-03-20,54,2088.16,False
36434.0,2024-03-11,63,1636.8,False
36436.0,2024-03-11,63,1772.1,False
36449.0,2024-03-15,59,11868.14,False
36462.0,2024-03-14,60,1771.0,False
36466.0,2024-03-19,55,347.6,False
36490.0,2024-03-19,55,2851.2,False
36497.0,2024-03-19,55,387.84,False
36498.0,2024-03-20,54,1628.0,False
36499.0,2024-03-14,60,2492.6,False
36529.0,2024-03-14,60,6173.28,False
36564.0,2024-03-06,68,8300.0,False
36602.0,2024-03-22,52,937.81,False
36613.0,2024-03-22,52,226989.09,False
36616.0,2024-03-12,62,6006.0,False
36868.0,2024-03-07,67,427.66,False
36891.0,2024-03-06,68,687.9,False
36916.0,2024-03-19,55,147.35,False
36947.0,2024-03-06,68,335.6,False
36949.0,2024-03-14,60,938.69,False
36965.0,2024-03-19,55,-4.65,False
36971.0,2024-03-14,60,10067.68,False
36983.0,2024-03-18,56,188.32,False
36991.0,2024-03-05,69,124.08000000000001,False
37004.0,2024-03-20,54,1744.15,False
37009.0,2024-03-14,60,426.0,False
37027.0,2024-03-12,62,3644.25,False
37032.0,2024-03-21,53,430.07,False
37034.0,2024-03-20,54,4030.99,False
37038.0,2024-03-08,66,1382.1,False
37041.0,2024-03-11,63,443.2,False
37062.0,2024-03-07,67,21476.0,False
37066.0,2024-03-20,54,1242.0,False
37072.0,2024-03-14,60,10081.5,False
37074.0,2024-03-15,59,7029.0,False
37081.0,2024-03-22,52,12870.5,False
37093.0,2024-03-08,66,452.52,False
37100.0,2024-03-19,55,874.37,False
37103.0,2024-03-20,54,1161.8200000000002,False
37109.0,2024-03-11,63,198.45,False
37119.0,2024-03-07,67,133.69,False
37129.0,2024-03-14,60,1056.66,False
37135.0,2024-03-11,63,323.24,False
37145.0,2024-03-18,56,456.03,False
37150.0,2024-03-20,54,110.36,False
37153.0,2024-03-14,60,171.97,False
37159.0,2024-03-12,62,741.15,False
37163.0,2024-03-06,68,152.73,False
37171.0,2024-03-19,55,96.71,False
37177.0,2024-03-18,56,110.5,False
37180.0,2024-03-15,59,18701.4,False
37187.0,2024-03-07,67,162.26,False
37192.0,2024-03-19,55,4050.98,False
37194.0,2024-03-19,55,272.29,False
37195.0,2024-03-19,55,454.76,False
37254.0,2024-03-12,62,626.03,False
37270.0,2024-03-15,59,138.76,False
37277.0,2024-03-18,56,1012.4200000000001,False
37281.0,2024-03-15,59,1439.65,False
37311.0,2024-03-12,62,41492.25,False
37320.0,2024-03-11,63,380.4,False
37324.0,2024-03-18,56,1167.58,False
37328.0,2024-03-13,61,1565.4,False
37329.0,2024-03-06,68,987.0,False
37330.0,2024-03-19,55,760.72,False
37346.0,2024-03-19,55,4894.24,False
37352.0,2024-03-21,53,12514.3,False
37355.0,2024-03-12,62,9343.64,False
37361.0,2024-03-11,63,154.53,False
37367.0,2024-03-14,60,3189.9,False
37382.0,2024-03-14,60,3714.38,False
37383.0,2024-03-12,62,348.0,False
37403.0,2024-03-11,63,226.06,False
37405.0,2024-03-22,52,5607.15,False
37407.0,2024-03-13,61,114.75999999999999,False
37414.0,2024-03-12,62,0.0,False
37453.0,2024-03-19,55,5353.85,False
37459.0,2024-03-11,63,45028.0,False
37480.0,2024-03-12,62,144.76,False
37488.0,2024-03-13,61,4306.75,False
37489.0,2024-03-19,55,3944.6499999999996,False
37490.0,2024-03-11,63,6596.7,False
37493.0,2024-03-18,56,2600.08,False
37501.0,2024-03-15,59,1625.69,False
37505.0,2024-03-15,59,143.56,False
37509.0,2024-03-12,62,270.4,False
37515.0,2024-03-06,68,1093.28,False
37518.0,2024-03-06,68,1010.92,False
37529.0,2024-03-21,53,6960.0,False
37531.0,2024-03-06,68,0.0,False
37533.0,2024-03-20,54,313.27,False
37537.0,2024-03-19,55,449.12,False
37542.0,2024-03-14,60,294.64,False
37544.0,2024-03-12,62,12885.18,False
37549.0,2024-03-22,52,30073.33,False
37554.0,2024-03-12,62,5290.0,False
37602.0,2024-03-20,54,213.68,False
37679.0,2024-03-08,66,4372.24,False
37681.0,2024-03-19,55,191709.56,False
38805.0,2024-03-13,61,680.0,False
38820.0,2024-03-19,55,0.0,False
38877.0,2024-03-19,55,49405.36,False
39056.0,2024-03-19,55,2750.0,False
39145.0,2024-03-20,54,0.0,False
39516.0,2024-03-21,53,0.0,False
39648.0,2024-03-15,59,16086.43,False
39653.0,2024-03-11,63,6875.28,False
39718.0,2024-03-13,61,0.0,False
39818.0,2024-03-07,67,266.54,False
39851.0,2024-03-14,60,1478.79,False
39853.0,2024-03-12,62,7226.64,False
39907.0,2024-03-07,67,1835.81,False
39910.0,2024-03-18,56,18218.0,False
39919.0,2024-03-19,55,3607.9,False
39925.0,2021-08-12,1005,17.36,True
39942.0,2024-03-11,63,8401.93,False
39948.0,2024-03-22,52,854.8199999999999,False
39964.0,2024-03-13,61,811.0,False
39984.0,2024-03-07,67,-151.0,False
40022.0,2021-08-25,992,0.97,True
40049.0,2024-03-07,67,5894.0,False
40051.0,2024-03-12,62,286.6,False
40055.0,2024-03-11,63,434.35,False
40117.0,2024-03-14,60,2643.16,False
40118.0,2024-03-14,60,60895.00000000001,False
40125.0,2024-03-19,55,494.0,False
40136.0,2024-03-14,60,1861.0,False
40151.0,2024-03-13,61,1687.18,False
40176.0,2024-03-21,53,3559.64,False
40179.0,2024-03-06,68,52.2,False
40185.0,2024-03-15,59,14517.4,False
40201.0,2024-03-14,60,1239.2,False
40232.0,2024-03-15,59,-3373.75,False
40240.0,2024-03-19,55,19787.05,False
40259.0,2024-03-13,61,344.64,False
40273.0,2024-03-18,56,3604.8,False
40282.0,2024-03-21,53,2588.5099999999998,False
40303.0,2024-03-18,56,1007.63,False
40322.0,2023-06-21,327,1585.98,True
40345.0,2024-03-14,60,10164.52,False
40370.0,2024-03-21,53,31856.25,False
40381.0,2024-03-08,66,316.29,False
40391.0,2024-03-18,56,13873.33,False
40404.0,2024-03-16,58,-526.0,False
40410.0,2024-03-19,55,1769.6399999999999,False
40440.0,2024-03-18,56,282.09000000000003,False
40448.0,2024-03-18,56,531.44,False
40461.0,2024-03-19,55,747.58,False
40462.0,2024-03-11,63,1318.8,False
40473.0,2024-03-13,61,0.0,False
40476.0,2023-06-26,322,338.3,True
40479.0,2024-03-08,66,271.26,False
40483.0,2023-06-26,322,236.55,True
40936.0,2024-03-14,60,8732.0,False
41295.0,2024-03-11,63,1384.13,False
41426.0,2024-03-08,66,0.0,False
41598.0,2024-03-19,55,358.2,False
41725.0,2024-03-11,63,49.98,False
41830.0,2024-03-11,63,8891.04,False
41841.0,2024-03-14,60,19492.06,False
41949.0,2024-03-22,52,0.0,False
42174.0,2024-03-12,62,363.8,False
42426.0,2024-03-19,55,96071.4,False
42507.0,2024-03-21,53,22475.57,False
42509.0,2024-03-22,52,32596.99,False
42522.0,2024-03-11,63,5837.61,False
42825.0,2024-03-18,56,4930.68,False
43476.0,2024-03-11,63,3720.38,False
43493.0,2024-03-19,55,3579.19,False
202424.0,2024-03-19,55,2404.6,False
