BILL_CUSTOMER_SID,LAST_PURCHASE_DATE,PURCHASE_COUNT,TOTAL_SPEND,DAYS_SINCE_LAST_PURCHASE,RECENCY_SEGMENT,MONETARY_SEGMENT
151.0,2024-03-22,2,305.8,52,Recent,Low
154.0,2024-03-21,13,7382.2,53,Recent,Medium
169.0,2024-03-15,2,519.6600000000001,59,Moderate,Low
207.0,2024-03-12,7,5627.36,62,Old,Medium
208.0,2024-03-22,13,3521.82,52,Recent,Medium
214.0,2024-03-21,48,181799.03,53,Recent,High
234.0,2024-03-20,46,17063.34,54,Recent,High
236.0,2024-03-22,161,100844.37,52,Recent,High
238.0,2024-03-09,1,-224.52,65,Old,Low
240.0,2024-03-22,22,9257.6,52,Recent,Medium
249.0,2024-03-22,454,152009.4,52,Recent,High
261.0,2024-03-06,1,-71.86,68,Old,Low
263.0,2024-03-18,31,10377.99,56,Moderate,Medium
265.0,2024-03-22,232,131343.76,52,Recent,High
275.0,2024-03-13,1,262.0,61,Old,Low
299.0,2024-03-21,12,19321.75,53,Recent,High
303.0,2024-03-20,209,37711.38,54,Recent,High
308.0,2024-03-12,1,4748.0,62,Old,Medium
317.0,2024-03-15,3,565.0,59,Moderate,Low
322.0,2024-03-18,14,10241.26,56,Moderate,Medium
330.0,2024-03-21,270,179823.02,53,Recent,High
349.0,2024-03-19,53,44385.09,55,Moderate,High
352.0,2024-03-19,85,48226.28,55,Moderate,High
368.0,2024-03-13,4,656.88,61,Old,Low
374.0,2024-03-14,42,28648.89,60,Moderate,High
381.0,2024-03-11,3,5815.65,63,Old,Medium
382.0,2024-03-22,396,184652.34,52,Recent,High
384.0,2024-03-18,7,4351.39,56,Moderate,Medium
411.0,2024-03-14,18,10808.619999999999,60,Moderate,Medium
417.0,2024-03-20,165,52873.159999999996,54,Recent,High
438.0,2024-03-22,101,61374.93,52,Recent,High
444.0,2024-03-12,3,480.7,62,Old,Low
460.0,2024-03-08,1,-71.02,66,Old,Low
481.0,2024-03-21,17,5934.18,53,Recent,Medium
545.0,2024-03-15,7,8055.68,59,Moderate,Medium
556.0,2024-03-22,2,375.98,52,Recent,Low
557.0,2024-03-13,75,21177.91,61,Old,High
559.0,2024-03-19,74,24304.14,55,Moderate,High
577.0,2024-03-06,1,2149.0,68,Old,Medium
580.0,2024-03-18,4,2145.32,56,Moderate,Medium
585.0,2024-03-18,14,4856.86,56,Moderate,Medium
608.0,2024-03-13,49,37844.88,61,Old,High
648.0,2024-03-21,1,-111.84,53,Recent,Low
654.0,2024-03-08,1,3240.0,66,Old,Medium
670.0,2024-03-18,17,6115.41,56,Moderate,Medium
683.0,2024-03-15,11,3739.21,59,Moderate,Medium
687.0,2024-03-15,29,6621.76,59,Moderate,Medium
690.0,2024-03-07,2,-389.64,67,Old,Low
692.0,2024-03-20,84,19782.19,54,Recent,High
698.0,2024-03-14,1,433.2,60,Moderate,Low
699.0,2024-03-14,38,10880.84,60,Moderate,High
709.0,2024-03-21,556,168079.2,53,Recent,High
714.0,2024-03-13,4,-2227.71,61,Old,Low
744.0,2023-06-29,1,5.72,319,Old,Low
747.0,2023-06-23,1,72.18,325,Old,Low
750.0,2024-03-08,5,3536.0,66,Old,Medium
755.0,2024-03-12,20,1985.93,62,Old,Low
761.0,2024-03-21,8,1080.07,53,Recent,Low
772.0,2024-03-20,2,787.76,54,Recent,Low
775.0,2024-03-20,20,11879.029999999999,54,Recent,High
781.0,2024-03-08,32,4254.45,66,Old,Medium
800.0,2024-03-20,31,19033.15,54,Recent,High
802.0,2024-03-13,2,1596.02,61,Old,Low
817.0,2024-03-12,5,6250.68,62,Old,Medium
848.0,2024-03-18,6,3451.36,56,Moderate,Medium
868.0,2024-03-19,11,5237.52,55,Moderate,Medium
871.0,2024-03-15,5,807.0,59,Moderate,Low
872.0,2024-03-19,9,36378.3,55,Moderate,High
891.0,2024-03-21,50,40343.5,53,Recent,High
898.0,2024-03-22,17,4519.67,52,Recent,Medium
904.0,2024-03-20,28,9698.56,54,Recent,Medium
906.0,2024-03-08,7,4963.48,66,Old,Medium
920.0,2024-03-20,27,535.4,54,Recent,Low
927.0,2024-03-20,44,30319.989999999998,54,Recent,High
932.0,2023-06-20,2,897.3299999999999,328,Old,Low
933.0,2024-03-20,2,0.0,54,Recent,Low
954.0,2024-03-07,5,4265.49,67,Old,Medium
980.0,2024-03-20,3,845.12,54,Recent,Low
994.0,2024-03-22,125,92652.95,52,Recent,High
995.0,2024-03-14,22,7574.61,60,Moderate,Medium
1003.0,2024-03-21,24,17493.71,53,Recent,High
1032.0,2024-03-20,9,14031.9,54,Recent,High
1037.0,2024-03-11,109,13299.03,63,Old,High
1042.0,2024-03-20,8,6838.8,54,Recent,Medium
1043.0,2024-03-11,13,46293.060000000005,63,Old,High
1058.0,2024-03-19,2,0.0,55,Moderate,Low
1065.0,2024-03-20,40,11011.85,54,Recent,High
1069.0,2024-03-14,12,1563.94,60,Moderate,Low
1081.0,2024-03-12,6,-553.79,62,Old,Low
1098.0,2024-03-11,3,3787.5,63,Old,Medium
1123.0,2024-03-20,14,6287.85,54,Recent,Medium
1124.0,2024-03-15,9,3515.21,59,Moderate,Medium
1137.0,2024-03-13,8,4850.18,61,Old,Medium
1140.0,2024-03-21,2,302.05,53,Recent,Low
1141.0,2024-03-14,24,3960.18,60,Moderate,Medium
1154.0,2024-03-21,32,9405.78,53,Recent,Medium
1159.0,2024-03-22,37,7898.85,52,Recent,Medium
1181.0,2024-03-12,4,3995.2,62,Old,Medium
1191.0,2024-03-18,4,1558.12,56,Moderate,Low
1302.0,2024-03-11,13,5420.15,63,Old,Medium
1317.0,2024-03-13,33,18901.36,61,Old,High
1324.0,2024-03-14,4,9673.92,60,Moderate,Medium
1335.0,2024-03-13,2,730.85,61,Old,Low
1339.0,2024-03-22,9,4402.58,52,Recent,Medium
1342.0,2024-03-11,6,4052.08,63,Old,Medium
1357.0,2024-03-15,26,8909.710000000001,59,Moderate,Medium
1368.0,2024-03-22,42,18307.05,52,Recent,High
1373.0,2024-03-13,4,4457.42,61,Old,Medium
1380.0,2024-03-22,72,12656.369999999999,52,Recent,High
1390.0,2024-03-14,11,7911.150000000001,60,Moderate,Medium
1395.0,2024-03-14,10,3315.24,60,Moderate,Medium
1398.0,2024-03-08,28,5110.2,66,Old,Medium
1403.0,2024-03-14,5,4481.360000000001,60,Moderate,Medium
1404.0,2024-03-15,28,10820.18,59,Moderate,High
1405.0,2024-03-20,9,2155.21,54,Recent,Medium
1435.0,2024-03-14,19,6101.610000000001,60,Moderate,Medium
1440.0,2024-03-12,3,202.39999999999998,62,Old,Low
1446.0,2024-03-20,1,-265.9,54,Recent,Low
1450.0,2023-06-21,1,60.15,327,Old,Low
1459.0,2024-03-07,2,1208.4,67,Old,Low
1460.0,2024-03-06,10,1632.0900000000001,68,Old,Low
1465.0,2024-03-22,69,26208.9,52,Recent,High
1471.0,2024-03-14,49,12685.58,60,Moderate,High
1482.0,2024-03-06,1,-981.36,68,Old,Low
1483.0,2024-03-22,89,31590.219999999998,52,Recent,High
1499.0,2024-03-15,47,13853.2,59,Moderate,High
1510.0,2024-03-19,22,4996.66,55,Moderate,Medium
1520.0,2024-03-21,10,15018.109999999999,53,Recent,High
1536.0,2024-03-22,80,38846.76,52,Recent,High
1537.0,2024-03-22,354,296187.27,52,Recent,High
1539.0,2024-03-07,4,1629.48,67,Old,Low
1542.0,2024-03-21,15,18396.85,53,Recent,High
1547.0,2024-03-07,1,68.76,67,Old,Low
1551.0,2024-03-14,11,9133.05,60,Moderate,Medium
1562.0,2024-03-14,24,6385.24,60,Moderate,Medium
1570.0,2024-03-22,2,15931.84,52,Recent,High
1583.0,2024-03-14,1,0.0,60,Moderate,Low
1593.0,2024-03-18,10,11952.96,56,Moderate,High
1615.0,2024-03-13,23,7555.96,61,Old,Medium
1621.0,2024-03-18,5,3046.5,56,Moderate,Medium
1634.0,2024-03-20,34,12573.7,54,Recent,High
1644.0,2024-03-20,27,20470.84,54,Recent,High
1664.0,2024-03-13,2,371.5,61,Old,Low
1671.0,2024-03-22,28,25909.489999999998,52,Recent,High
1681.0,2024-03-19,40,8485.2,55,Moderate,Medium
1690.0,2024-03-08,2,387.90999999999997,66,Old,Low
1704.0,2023-06-27,1,243.37,321,Old,Low
1706.0,2024-03-21,3,14790.599999999999,53,Recent,High
1725.0,2024-03-22,20,11353.41,52,Recent,High
1730.0,2024-03-13,27,163.49,61,Old,Low
1758.0,2024-03-19,4,524.7,55,Moderate,Low
1765.0,2024-03-20,2,0.0,54,Recent,Low
1768.0,2024-03-22,55,34617.87,52,Recent,High
1781.0,2024-03-18,27,10538.57,56,Moderate,Medium
1782.0,2024-03-19,27,3702.69,55,Moderate,Medium
1787.0,2024-03-22,89,66691.49,52,Recent,High
1817.0,2024-03-07,2,279.44,67,Old,Low
1826.0,2024-03-18,79,25826.12,56,Moderate,High
1830.0,2024-03-22,116,35464.72,52,Recent,High
1835.0,2023-06-27,4,711.96,321,Old,Low
1846.0,2024-03-19,2,8171.68,55,Moderate,Medium
1862.0,2024-03-21,22,5538.11,53,Recent,Medium
1885.0,2024-03-21,15,18936.18,53,Recent,High
1917.0,2024-03-18,2,406.65,56,Moderate,Low
1956.0,2021-09-14,2,3049.68,972,Old,Medium
1959.0,2024-03-15,9,11661.79,59,Moderate,High
1960.0,2024-03-12,72,46045.62,62,Old,High
1965.0,2024-03-14,24,12887.14,60,Moderate,High
1985.0,2024-03-13,1,-3500.0,61,Old,Low
2004.0,2024-05-13,68,30909.02,0,Recent,High
2009.0,2024-03-07,2,839.25,67,Old,Low
2018.0,2024-03-20,188,25316.88,54,Recent,High
2026.0,2024-03-20,19,4987.78,54,Recent,Medium
2027.0,2024-03-18,11,6680.34,56,Moderate,Medium
2051.0,2024-03-22,17,6738.4,52,Recent,Medium
2063.0,2024-03-06,5,1461.8400000000001,68,Old,Low
2066.0,2024-03-21,55,12053.78,53,Recent,High
2071.0,2024-03-20,37,15280.45,54,Recent,High
2075.0,2024-03-12,6,-7032.88,62,Old,Low
2078.0,2024-03-20,14,19804.91,54,Recent,High
2081.0,2024-03-18,22,5997.58,56,Moderate,Medium
2097.0,2024-03-22,142,45576.340000000004,52,Recent,High
2100.0,2024-03-13,25,7506.83,61,Old,Medium
2106.0,2024-03-20,18,4871.75,54,Recent,Medium
2108.0,2024-03-22,1814,563156.33,52,Recent,High
2117.0,2024-03-14,28,9007.59,60,Moderate,Medium
2125.0,2024-03-14,23,9460.1,60,Moderate,Medium
2139.0,2024-03-21,11,2375.84,53,Recent,Medium
2161.0,2024-03-20,28,69611.79,54,Recent,High
2163.0,2024-03-06,1,1077.12,68,Old,Low
2165.0,2024-03-19,1,464.4,55,Moderate,Low
2166.0,2024-03-21,14,10275.38,53,Recent,Medium
2167.0,2024-03-21,136,27869.04,53,Recent,High
2185.0,2024-03-22,44,205373.53,52,Recent,High
2195.0,2024-03-18,57,11105.66,56,Moderate,High
2205.0,2024-03-06,4,1540.4,68,Old,Low
2216.0,2024-03-20,98,23877.760000000002,54,Recent,High
2259.0,2024-03-13,3,4089.28,61,Old,Medium
2283.0,2024-03-13,1,312.12,61,Old,Low
2294.0,2024-03-20,5,8718.67,54,Recent,Medium
2305.0,2024-03-11,34,5589.44,63,Old,Medium
2315.0,2024-03-18,1,1480.32,56,Moderate,Low
2342.0,2024-03-11,6,12074.740000000002,63,Old,High
2348.0,2024-03-13,14,4373.42,61,Old,Medium
2361.0,2024-03-18,7,6182.96,56,Moderate,Medium
2435.0,2024-03-13,12,4356.59,61,Old,Medium
2496.0,2024-03-08,31,4696.33,66,Old,Medium
2500.0,2024-03-19,3,728.6400000000001,55,Moderate,Low
2510.0,2024-03-13,15,10692.77,61,Old,Medium
2534.0,2024-03-07,46,12710.26,67,Old,High
2535.0,2024-03-20,26,9256.81,54,Recent,Medium
2537.0,2024-03-19,5,2938.2799999999997,55,Moderate,Medium
2559.0,2024-03-13,1,9931.32,61,Old,Medium
2561.0,2024-03-13,2,2450.0,61,Old,Medium
2575.0,2024-03-14,429,205991.17,60,Moderate,High
2602.0,2024-03-14,2,0.0,60,Moderate,Low
2603.0,2024-03-11,50,35382.88,63,Old,High
2604.0,2024-03-21,89,65701.74,53,Recent,High
2605.0,2024-03-21,26,8165.97,53,Recent,Medium
2608.0,2024-03-19,191,68570.04,55,Moderate,High
2609.0,2024-03-19,27,4032.61,55,Moderate,Medium
2613.0,2024-03-08,18,14993.78,66,Old,High
2615.0,2024-03-20,86,89821.6,54,Recent,High
2625.0,2024-03-22,11,4316.29,52,Recent,Medium
2627.0,2024-03-08,5,466.78,66,Old,Low
2628.0,2024-03-20,54,14202.32,54,Recent,High
2669.0,2024-03-06,4,21808.8,68,Old,High
2674.0,2024-03-18,2,3826.4,56,Moderate,Medium
2694.0,2024-03-22,145,66421.9,52,Recent,High
2699.0,2024-03-13,19,7578.28,61,Old,Medium
2700.0,2024-03-21,9,3698.42,53,Recent,Medium
2704.0,2024-03-07,4,884.9,67,Old,Low
2707.0,2024-03-22,38,14537.34,52,Recent,High
2708.0,2024-03-22,103,79843.07,52,Recent,High
2716.0,2024-03-08,28,8175.62,66,Old,Medium
2717.0,2024-03-21,86,19107.08,53,Recent,High
2720.0,2024-03-14,8,1548.88,60,Moderate,Low
2723.0,2024-03-22,33,72783.28,52,Recent,High
2726.0,2024-03-14,20,5370.64,60,Moderate,Medium
2727.0,2024-03-21,48,9703.99,53,Recent,Medium
2732.0,2024-03-22,907,266157.56,52,Recent,High
2735.0,2024-03-20,82,29008.68,54,Recent,High
2737.0,2024-03-20,116,35946.12,54,Recent,High
2738.0,2024-03-22,28,10800.789999999999,52,Recent,Medium
2742.0,2024-03-18,35,3985.62,56,Moderate,Medium
2748.0,2024-03-19,1,4140.9,55,Moderate,Medium
2750.0,2024-03-13,3,299.32,61,Old,Low
2751.0,2024-03-12,4,3619.75,62,Old,Medium
2752.0,2024-03-22,418,96171.0,52,Recent,High
2753.0,2024-03-20,172,119429.84,54,Recent,High
2755.0,2024-03-20,93,39309.96,54,Recent,High
2760.0,2024-03-22,243,70837.74,52,Recent,High
2764.0,2024-03-18,19,9454.53,56,Moderate,Medium
2766.0,2024-03-11,37,19330.78,63,Old,High
2767.0,2024-03-22,1239,788728.3,52,Recent,High
2774.0,2024-03-18,11,3894.86,56,Moderate,Medium
2791.0,2024-03-21,22,5792.7,53,Recent,Medium
2792.0,2024-03-21,108,145891.09,53,Recent,High
2794.0,2024-03-20,58,28106.510000000002,54,Recent,High
2797.0,2024-03-22,246,67009.28,52,Recent,High
2800.0,2024-03-20,67,19249.3,54,Recent,High
2803.0,2024-03-21,47,36059.69,53,Recent,High
2805.0,2024-03-07,48,5434.28,67,Old,Medium
2806.0,2024-03-21,84,58272.04,53,Recent,High
2807.0,2024-03-19,1,712.56,55,Moderate,Low
2810.0,2024-03-20,140,128285.62,54,Recent,High
2812.0,2024-03-22,3,3611.04,52,Recent,Medium
2815.0,2024-03-22,2363,2140692.18,52,Recent,High
2816.0,2024-03-15,18,18083.760000000002,59,Moderate,High
2819.0,2024-03-22,1122,780516.7,52,Recent,High
2821.0,2024-03-22,649,269570.02,52,Recent,High
2827.0,2024-03-21,89,20059.56,53,Recent,High
2828.0,2024-03-20,39,5507.87,54,Recent,Medium
2831.0,2024-03-21,248,441013.67,53,Recent,High
2834.0,2024-03-21,245,78901.27,53,Recent,High
2837.0,2024-03-22,190,311244.63,52,Recent,High
2838.0,2024-03-19,22,4704.81,55,Moderate,Medium
2841.0,2024-03-22,14,6315.54,52,Recent,Medium
2843.0,2024-03-21,13,70069.68,53,Recent,High
2847.0,2024-03-22,3,5415.85,52,Recent,Medium
2848.0,2024-03-22,99,34010.37,52,Recent,High
2849.0,2024-03-19,87,38108.2,55,Moderate,High
2858.0,2024-03-20,42,20442.98,54,Recent,High
2859.0,2024-03-15,5,2772.48,59,Moderate,Medium
2860.0,2024-03-20,145,8727.32,54,Recent,Medium
2863.0,2024-03-19,45,235363.54,55,Moderate,High
2865.0,2024-03-22,407,984386.3,52,Recent,High
2867.0,2024-03-22,413,148078.61,52,Recent,High
2870.0,2024-03-15,5,533.94,59,Moderate,Low
2872.0,2024-03-21,36,20537.05,53,Recent,High
2873.0,2024-03-22,124,108448.11,52,Recent,High
2879.0,2024-03-21,141,101705.05,53,Recent,High
2882.0,2024-03-18,55,18368.29,56,Moderate,High
2884.0,2024-03-21,50,150856.87,53,Recent,High
2890.0,2024-03-14,34,6911.34,60,Moderate,Medium
2903.0,2024-03-22,581,111611.95,52,Recent,High
2904.0,2024-03-22,50,13880.61,52,Recent,High
2908.0,2024-03-18,86,24324.09,56,Moderate,High
2909.0,2024-03-20,36,7997.12,54,Recent,Medium
2910.0,2024-03-14,55,17774.97,60,Moderate,High
2911.0,2024-03-13,1,767.19,61,Old,Low
2912.0,2024-03-20,26,6004.0,54,Recent,Medium
2917.0,2024-03-18,49,4164.39,56,Moderate,Medium
2920.0,2024-03-21,214,106029.49,53,Recent,High
2921.0,2024-03-12,22,9015.83,62,Old,Medium
2922.0,2024-03-07,36,11414.46,67,Old,High
2923.0,2024-03-19,9,13204.74,55,Moderate,High
2926.0,2024-03-12,41,47496.78,62,Old,High
2928.0,2024-03-22,92,14618.800000000001,52,Recent,High
2930.0,2024-03-19,44,13539.2,55,Moderate,High
2938.0,2024-03-15,1,240.57,59,Moderate,Low
2940.0,2024-03-18,109,40228.840000000004,56,Moderate,High
2943.0,2024-03-19,33,28253.66,55,Moderate,High
2959.0,2024-03-21,60,15140.8,53,Recent,High
2961.0,2024-03-22,5,16686.1,52,Recent,High
2962.0,2024-03-06,2,0.0,68,Old,Low
2968.0,2024-03-22,248,139895.28,52,Recent,High
2969.0,2024-03-22,16,5388.66,52,Recent,Medium
2978.0,2024-03-18,4,10381.2,56,Moderate,Medium
2982.0,2024-03-20,35,8022.22,54,Recent,Medium
2987.0,2024-03-20,16,7088.42,54,Recent,Medium
2988.0,2024-03-20,47,3822.02,54,Recent,Medium
2992.0,2024-03-22,170,67611.77,52,Recent,High
2995.0,2024-03-21,50,31676.15,53,Recent,High
3003.0,2024-03-18,89,21114.37,56,Moderate,High
3009.0,2024-03-20,45,3383.29,54,Recent,Medium
3013.0,2024-03-21,298,131314.98,53,Recent,High
3017.0,2024-03-06,1,1055.75,68,Old,Low
3019.0,2024-03-18,89,26689.42,56,Moderate,High
3021.0,2024-03-22,329,150882.22,52,Recent,High
3024.0,2024-03-19,316,76482.01,55,Moderate,High
3025.0,2024-03-12,14,3840.63,62,Old,Medium
3026.0,2024-03-22,57,10678.25,52,Recent,Medium
3033.0,2024-03-14,18,4682.76,60,Moderate,Medium
3037.0,2024-03-22,86,29090.24,52,Recent,High
3041.0,2024-03-21,130,249841.08,53,Recent,High
3047.0,2024-03-21,15,3260.0,53,Recent,Medium
3049.0,2024-03-18,114,62732.45,56,Moderate,High
3050.0,2024-03-22,358,198963.46,52,Recent,High
3054.0,2024-03-21,95,50696.58,53,Recent,High
3055.0,2024-03-22,339,51348.54,52,Recent,High
3061.0,2024-03-21,54,20010.0,53,Recent,High
3062.0,2024-03-21,76,17692.69,53,Recent,High
3063.0,2024-03-20,30,14776.35,54,Recent,High
3065.0,2024-03-22,208,106005.62,52,Recent,High
3068.0,2024-03-15,15,10670.65,59,Moderate,Medium
3069.0,2024-03-08,12,3631.55,66,Old,Medium
3145.0,2024-03-22,1,3240.69,52,Recent,Medium
3199.0,2024-03-04,17,395.47999999999996,70,Old,Low
3232.0,2024-03-22,377,305764.57,52,Recent,High
3241.0,2024-03-14,13,2154.94,60,Moderate,Medium
3271.0,2024-03-21,5,44050.0,53,Recent,High
3285.0,2024-03-08,2,14516.3,66,Old,High
3322.0,2024-03-18,2,38826.0,56,Moderate,High
3324.0,2024-03-07,1,8208.0,67,Old,Medium
3326.0,2024-03-21,1,26999.7,53,Recent,High
3404.0,2024-03-07,1,4220.0,67,Old,Medium
3413.0,2024-03-21,12,7691.27,53,Recent,Medium
3418.0,2024-03-12,8,20477.5,62,Old,High
3427.0,2024-03-14,7,2151.22,60,Moderate,Medium
3431.0,2024-03-19,8,14889.23,55,Moderate,High
3437.0,2024-03-22,11,15280.1,52,Recent,High
3440.0,2024-03-13,1,3680.4,61,Old,Medium
3444.0,2024-03-12,1,6359.04,62,Old,Medium
3448.0,2024-03-12,5,8342.14,62,Old,Medium
3452.0,2024-03-20,2,3140.0,54,Recent,Medium
3454.0,2024-03-22,1,640.16,52,Recent,Low
3455.0,2024-03-21,4,3330.72,53,Recent,Medium
3460.0,2024-03-21,119,194408.04,53,Recent,High
3465.0,2024-03-22,1,823.2,52,Recent,Low
3477.0,2024-03-20,2,527.04,54,Recent,Low
3481.0,2024-03-22,25,20960.979,52,Recent,High
3628.0,2024-03-22,440,36748.1825,52,Recent,High
3842.0,2024-03-22,294,1834.8,52,Recent,Low
3881.0,2024-03-22,39,42344.32,52,Recent,High
3885.0,2024-03-18,1,952.05,56,Moderate,Low
3897.0,2024-03-06,22,4847.81,68,Old,Medium
3902.0,2024-03-22,5,0.0,52,Recent,Low
3907.0,2024-03-19,56,17279.88,55,Moderate,High
3910.0,2024-03-18,3,272.48,56,Moderate,Low
3921.0,2024-03-22,1251,1539804.23,52,Recent,High
3934.0,2024-03-20,87,90599.11,54,Recent,High
3941.0,2024-03-07,9,5702.42,67,Old,Medium
3971.0,2024-03-20,18,34922.28,54,Recent,High
3980.0,2024-03-06,14,3867.82,68,Old,Medium
3983.0,2024-03-20,23,4899.74,54,Recent,Medium
3989.0,2024-03-22,938,451573.22000000003,52,Recent,High
3991.0,2024-03-22,431,180059.98,52,Recent,High
3994.0,2024-03-22,21,7283.099999999999,52,Recent,Medium
3997.0,2024-03-11,14,5786.3,63,Old,Medium
3998.0,2024-03-15,10,3659.37,59,Moderate,Medium
4004.0,2024-03-20,89,40402.119999999995,54,Recent,High
4005.0,2024-03-19,19,8066.99,55,Moderate,Medium
4006.0,2024-03-19,13,615.4499999999998,55,Moderate,Low
4008.0,2024-03-22,18,8309.17,52,Recent,Medium
4011.0,2024-03-20,49,8148.78,54,Recent,Medium
4014.0,2024-03-14,4,6830.4,60,Moderate,Medium
4018.0,2024-03-22,18,4956.93,52,Recent,Medium
4027.0,2024-03-21,289,60428.1,53,Recent,High
4030.0,2024-03-19,84,33900.57,55,Moderate,High
4034.0,2024-03-19,8,6409.69,55,Moderate,Medium
4036.0,2024-03-22,1,0.0,52,Recent,Low
4045.0,2024-03-22,10,455.8299999999999,52,Recent,Low
4048.0,2024-03-22,49,9060.42,52,Recent,Medium
4051.0,2024-03-22,43,25785.0,52,Recent,High
4053.0,2024-03-21,136,55325.96,53,Recent,High
4060.0,2024-03-22,87,94029.53,52,Recent,High
4063.0,2024-03-22,246,60863.44,52,Recent,High
4298.0,2024-03-20,1,0.0,54,Recent,Low
4313.0,2024-03-16,1,-32.95,58,Moderate,Low
4460.0,2024-03-18,14,4633.96,56,Moderate,Medium
4760.0,2024-03-15,34,61291.74,59,Moderate,High
4965.0,2024-03-12,3,250.08,62,Old,Low
5171.0,2024-03-20,6,100800.0,54,Recent,High
5650.0,2024-03-22,44,8127.23,52,Recent,Medium
6025.0,2024-03-22,1,514.08,52,Recent,Low
6296.0,2024-03-19,50,33544.69,55,Moderate,High
6454.0,2024-03-07,20,4694.37,67,Old,Medium
6476.0,2024-03-08,1,1860.0,66,Old,Low
6733.0,2024-03-20,6,-1958.91,54,Recent,Low
6780.0,2024-03-18,2,455.75,56,Moderate,Low
6797.0,2024-03-20,67,26501.64,54,Recent,High
7825.0,2024-03-21,153,48969.1,53,Recent,High
8516.0,2024-03-12,2,3868.1600000000003,62,Old,Medium
8524.0,2024-03-20,18,18010.52,54,Recent,High
8560.0,2024-03-13,4,6164.32,61,Old,Medium
8563.0,2024-03-22,88,62464.840000000004,52,Recent,High
8570.0,2024-03-11,7,3557.75,63,Old,Medium
8614.0,2024-03-20,115,22272.96,54,Recent,High
8630.0,2024-03-11,16,4358.83,63,Old,Medium
8661.0,2024-03-21,14,2659.41,53,Recent,Medium
9292.0,2024-03-19,6,9702.65,55,Moderate,Medium
9371.0,2024-03-12,29,571.0600000000001,62,Old,Low
9535.0,2024-03-19,5,66751.1,55,Moderate,High
13852.0,2024-03-06,1,383.31,68,Old,Low
15040.0,2024-03-21,3,1933.46,53,Recent,Low
15780.0,2024-03-14,6,3650.1,60,Moderate,Medium
16435.0,2024-03-15,19,3929.66,59,Moderate,Medium
16449.0,2024-03-13,13,23350.920000000002,61,Old,High
17017.0,2024-03-20,133,79648.97,54,Recent,High
17039.0,2024-03-08,2,1123.92,66,Old,Low
17147.0,2024-03-06,26,18944.52,68,Old,High
17148.0,2024-03-18,1,437.0,56,Moderate,Low
17175.0,2024-03-18,2,866.64,56,Moderate,Low
17351.0,2024-03-21,8,3720.06,53,Recent,Medium
17527.0,2024-03-06,1,411.54,68,Old,Low
17635.0,2024-03-21,107,65536.87,53,Recent,High
17663.0,2024-03-08,2,3486.48,66,Old,Medium
18012.0,2024-03-19,21,3959.81,55,Moderate,Medium
18023.0,2024-03-19,7,76603.8,55,Moderate,High
18211.0,2024-03-14,1,975.195,60,Moderate,Low
18353.0,2024-03-15,14,29123.4,59,Moderate,High
18524.0,2024-03-08,1,665.64,66,Old,Low
18608.0,2024-03-09,6,-2349.06,65,Old,Low
18745.0,2024-03-15,1,310.36,59,Moderate,Low
18870.0,2024-03-20,4,55.2,54,Recent,Low
18902.0,2024-03-22,53,27533.9,52,Recent,High
18960.0,2024-03-19,56,22743.41,55,Moderate,High
19022.0,2024-03-14,1,-62.0,60,Moderate,Low
19161.0,2024-03-13,1,4089.0,61,Old,Medium
19180.0,2024-03-21,2,0.0,53,Recent,Low
19239.0,2024-03-08,2,901.87,66,Old,Low
19450.0,2024-03-07,3,2795.12,67,Old,Medium
19545.0,2024-03-22,6,8225.6,52,Recent,Medium
19551.0,2024-03-11,17,6217.36,63,Old,Medium
19552.0,2024-03-22,4,10123.84,52,Recent,Medium
19595.0,2024-03-15,2,1732.48,59,Moderate,Low
19607.0,2024-03-13,2,13149.22,61,Old,High
19716.0,2024-03-15,2,1208.24,59,Moderate,Low
19800.0,2024-03-21,1,-64.53,53,Recent,Low
19833.0,2024-03-07,2,1842.6999999999998,67,Old,Low
19846.0,2024-03-14,13,5761.62,60,Moderate,Medium
19869.0,2024-03-08,19,5237.29,66,Old,Medium
19971.0,2024-03-07,4,3570.61,67,Old,Medium
19983.0,2024-03-19,62,10591.25,55,Moderate,Medium
19997.0,2024-03-14,1,692.48,60,Moderate,Low
20087.0,2024-03-18,5,2119.4,56,Moderate,Low
20244.0,2024-03-18,12,5499.5,56,Moderate,Medium
20287.0,2024-03-07,11,3689.4,67,Old,Medium
20313.0,2024-03-19,28,4451.65,55,Moderate,Medium
20314.0,2024-03-18,4,566.0999999999999,56,Moderate,Low
20391.0,2024-03-08,4,4088.7200000000003,66,Old,Medium
20445.0,2024-03-13,4,4259.22,61,Old,Medium
20448.0,2024-03-13,2,1132.32,61,Old,Low
20511.0,2024-03-19,18,29349.559999999998,55,Moderate,High
20688.0,2024-03-19,42,16721.6254,55,Moderate,High
20863.0,2024-03-19,12,5426.5,55,Moderate,Medium
20945.0,2024-03-20,5,26341.56,54,Recent,High
21178.0,2024-03-20,2,258.06,54,Recent,Low
21183.0,2024-03-21,82,130958.64,53,Recent,High
21279.0,2024-03-11,13,1437.1544999999999,63,Old,Low
21332.0,2024-03-08,1,-120.0,66,Old,Low
21417.0,2024-03-18,12,3486.25,56,Moderate,Medium
21507.0,2024-03-21,5,1773.3,53,Recent,Low
21701.0,2024-03-20,4,17412.8,54,Recent,High
21896.0,2024-03-21,34,17188.9,53,Recent,High
22140.0,2024-03-13,2,1131.72,61,Old,Low
22157.0,2024-03-20,20,7966.46,54,Recent,Medium
22176.0,2024-03-22,232,346978.73,52,Recent,High
22282.0,2024-03-22,3,16440.85,52,Recent,High
22404.0,2024-03-18,23,19666.329999999998,56,Moderate,High
22454.0,2024-03-14,2,307.91999999999996,60,Moderate,Low
22619.0,2024-03-20,103,45435.98,54,Recent,High
22650.0,2024-03-08,5,3630.64,66,Old,Medium
22761.0,2024-03-22,486,182176.88,52,Recent,High
22815.0,2024-03-08,14,3528.5,66,Old,Medium
22922.0,2024-03-15,2,3766.1600000000003,59,Moderate,Medium
22982.0,2024-03-13,2,2922.45,61,Old,Medium
23016.0,2024-03-06,2,11118.2,68,Old,High
23183.0,2024-03-06,38,14655.69,68,Old,High
23194.0,2024-03-21,38,187842.82,53,Recent,High
23410.0,2024-03-18,2,13933.2,56,Moderate,High
23591.0,2024-03-20,8,2236.38,54,Recent,Medium
23845.0,2024-03-19,8,7975.76,55,Moderate,Medium
23910.0,2024-03-08,1,4073.28,66,Old,Medium
23920.0,2024-03-21,26,13105.460000000001,53,Recent,High
24278.0,2024-03-18,1,1013.4,56,Moderate,Low
24356.0,2024-03-18,24,7222.54,56,Moderate,Medium
24466.0,2024-03-06,1,13245.0,68,Old,High
24617.0,2024-03-15,4,694.53,59,Moderate,Low
24702.0,2024-03-08,8,9007.48,66,Old,Medium
24949.0,2024-03-06,2,10808.7,68,Old,High
24958.0,2024-03-21,114,119741.02,53,Recent,High
24971.0,2024-03-16,74,51790.12,58,Moderate,High
24990.0,2024-03-19,21,14380.16,55,Moderate,High
25220.0,2024-03-22,32,50069.64,52,Recent,High
25230.0,2024-03-18,4,3160.0,56,Moderate,Medium
25265.0,2024-03-22,154,125861.49,52,Recent,High
25447.0,2023-06-22,1,9.56,326,Old,Low
25587.0,2024-03-20,51,14845.98,54,Recent,High
25842.0,2024-03-15,3,498.56,59,Moderate,Low
26131.0,2024-03-19,11,5435.72,55,Moderate,Medium
26414.0,2024-03-08,2,386.16,66,Old,Low
26475.0,2024-03-08,2,344.03999999999996,66,Old,Low
26497.0,2024-03-14,1,949.6,60,Moderate,Low
26522.0,2024-03-21,30,39418.77,53,Recent,High
26528.0,2024-03-19,3,-157.85000000000008,55,Moderate,Low
26565.0,2024-03-08,9,20760.56,66,Old,High
27187.0,2024-03-07,1,628.32,67,Old,Low
27256.0,2024-03-19,3,15726.6,55,Moderate,High
27428.0,2024-03-15,1,3851.52,59,Moderate,Medium
27442.0,2024-03-08,15,3732.92,66,Old,Medium
27564.0,2024-03-20,1,7694.1,54,Recent,Medium
27669.0,2024-03-14,2,607.2,60,Moderate,Low
27681.0,2024-03-18,4,7400.0,56,Moderate,Medium
27834.0,2024-03-15,2,2946.2400000000002,59,Moderate,Medium
27866.0,2024-03-13,1,3704.0,61,Old,Medium
27870.0,2024-03-15,4,3525.19,59,Moderate,Medium
27930.0,2024-03-18,2,7596.8,56,Moderate,Medium
28367.0,2024-03-11,1,790.8,63,Old,Low
28502.0,2024-03-14,3,986.96,60,Moderate,Low
28510.0,2024-03-19,2,663.06,55,Moderate,Low
28511.0,2024-03-19,16,15420.24,55,Moderate,High
28631.0,2024-03-19,4,11422.49,55,Moderate,High
28635.0,2024-03-21,5,420.76,53,Recent,Low
29396.0,2024-03-07,1,2610.72,67,Old,Medium
29734.0,2024-03-14,4,513.8,60,Moderate,Low
30185.0,2024-03-20,2,261.24,54,Recent,Low
30238.0,2024-03-12,2,2508.55,62,Old,Medium
30420.0,2024-03-21,28,22912.61,53,Recent,High
30494.0,2024-03-18,14,3778.41,56,Moderate,Medium
30663.0,2024-03-21,1,593.4,53,Recent,Low
30716.0,2024-03-18,3,66.8,56,Moderate,Low
30902.0,2024-03-12,12,4297.16,62,Old,Medium
30988.0,2024-03-12,7,12024.48,62,Old,High
31065.0,2024-03-18,1,314.16,56,Moderate,Low
31112.0,2024-03-12,5,1369.81,62,Old,Low
31478.0,2024-03-19,1,9668.0,55,Moderate,Medium
31599.0,2024-03-21,102,68344.6,53,Recent,High
31681.0,2024-03-18,2,1286.8,56,Moderate,Low
31686.0,2024-03-07,1,507.3,67,Old,Low
31710.0,2024-03-21,5,3380.57,53,Recent,Medium
31922.0,2024-03-14,7,4869.2300000000005,60,Moderate,Medium
32188.0,2024-03-22,10,66455.52,52,Recent,High
32247.0,2024-03-21,62,3629.23,53,Recent,Medium
32636.0,2024-03-21,28,5410.83,53,Recent,Medium
32693.0,2024-03-19,6,6362.7699999999995,55,Moderate,Medium
32722.0,2024-03-14,10,1098.21,60,Moderate,Low
32723.0,2024-03-21,4,101060.0,53,Recent,High
32783.0,2024-03-18,4,1383.08,56,Moderate,Low
32824.0,2024-03-19,3,4300.68,55,Moderate,Medium
32964.0,2024-03-19,4,4662.24,55,Moderate,Medium
33001.0,2024-04-19,190,91219.42,24,Recent,High
33047.0,2024-03-11,21,103454.3,63,Old,High
33091.0,2024-03-20,3,1129.58,54,Recent,Low
33093.0,2024-03-19,4,14613.16,55,Moderate,High
33109.0,2024-03-19,28,5977.030000000001,55,Moderate,Medium
33159.0,2024-03-21,2,2633.6,53,Recent,Medium
33201.0,2024-03-11,3,11966.78,63,Old,High
33284.0,2024-03-11,3,4884.780000000001,63,Old,Medium
33455.0,2024-03-20,3,4602.88,54,Recent,Medium
33495.0,2024-03-11,2,40000.0,63,Old,High
33623.0,2024-03-12,2,5276.85,62,Old,Medium
33640.0,2024-03-19,2,3533.2,55,Moderate,Medium
33667.0,2024-03-19,1,5149.8,55,Moderate,Medium
33738.0,2024-03-21,2,13511.619999999999,53,Recent,High
33812.0,2024-03-11,2,326.1,63,Old,Low
34081.0,2023-06-26,1,76.48,322,Old,Low
34090.0,2024-03-08,1,-3100.0,66,Old,Low
34288.0,2024-03-18,4,289.20000000000005,56,Moderate,Low
34437.0,2024-03-15,1,1122.74,59,Moderate,Low
35103.0,2024-03-19,16,14685.539999999999,55,Moderate,High
35143.0,2024-03-08,1,0.0,66,Old,Low
35299.0,2024-03-22,13,-36835.81,52,Recent,Low
35455.0,2024-03-07,1,315.08,67,Old,Low
35526.0,2024-03-27,611,301711.2929,47,Recent,High
35779.0,2024-03-19,6,489.9,55,Moderate,Low
35850.0,2024-03-11,1,4136.16,63,Old,Medium
35858.0,2024-03-11,1,-54.11,63,Old,Low
35880.0,2024-03-22,15,2686.1,52,Recent,Medium
36083.0,2024-03-19,4,3894.21,55,Moderate,Medium
36096.0,2024-03-06,1,645.0,68,Old,Low
36103.0,2024-03-21,18,21812.25,53,Recent,High
36161.0,2023-06-27,2,967.442,321,Old,Low
36257.0,2024-03-08,3,722.0,66,Old,Low
36315.0,2024-03-18,7,70.77,56,Moderate,Low
36334.0,2024-03-12,1,0.0,62,Old,Low
36338.0,2024-03-08,5,13515.02,66,Old,High
36360.0,2024-03-13,1,588.8,61,Old,Low
36423.0,2024-03-20,2,2088.16,54,Recent,Low
36434.0,2024-03-11,1,1636.8,63,Old,Low
36436.0,2024-03-11,3,1772.1,63,Old,Low
36449.0,2024-03-15,7,11868.14,59,Moderate,High
36462.0,2024-03-14,4,1771.0,60,Moderate,Low
36466.0,2024-03-19,1,347.6,55,Moderate,Low
36490.0,2024-03-19,1,2851.2,55,Moderate,Medium
36497.0,2024-03-19,1,387.84,55,Moderate,Low
36498.0,2024-03-20,1,1628.0,54,Recent,Low
36499.0,2024-03-14,1,2492.6,60,Moderate,Medium
36529.0,2024-03-14,1,6173.28,60,Moderate,Medium
36564.0,2024-03-06,3,8300.0,68,Old,Medium
36602.0,2024-03-22,3,937.81,52,Recent,Low
36613.0,2024-03-22,25,226989.09,52,Recent,High
36616.0,2024-03-12,2,6006.0,62,Old,Medium
36868.0,2024-03-07,4,427.66,67,Old,Low
36891.0,2024-03-06,1,687.9,68,Old,Low
36916.0,2024-03-19,1,147.35,55,Moderate,Low
36947.0,2024-03-06,2,335.6,68,Old,Low
36949.0,2024-03-14,12,938.69,60,Moderate,Low
36965.0,2024-03-19,1,-4.65,55,Moderate,Low
36971.0,2024-03-14,6,10067.68,60,Moderate,Medium
36983.0,2024-03-18,3,188.32,56,Moderate,Low
36991.0,2024-03-05,6,124.08000000000001,69,Old,Low
37004.0,2024-03-20,3,1744.15,54,Recent,Low
37009.0,2024-03-14,2,426.0,60,Moderate,Low
37027.0,2024-03-12,24,3644.25,62,Old,Medium
37032.0,2024-03-21,1,430.07,53,Recent,Low
37034.0,2024-03-20,15,4030.99,54,Recent,Medium
37038.0,2024-03-08,1,1382.1,66,Old,Low
37041.0,2024-03-11,6,443.2,63,Old,Low
37062.0,2024-03-07,2,21476.0,67,Old,High
37066.0,2024-03-20,3,1242.0,54,Recent,Low
37072.0,2024-03-14,6,10081.5,60,Moderate,Medium
37074.0,2024-03-15,1,7029.0,59,Moderate,Medium
37081.0,2024-03-22,41,12870.5,52,Recent,High
37093.0,2024-03-08,20,452.52,66,Old,Low
37100.0,2024-03-19,8,874.37,55,Moderate,Low
37103.0,2024-03-20,6,1161.8200000000002,54,Recent,Low
37109.0,2024-03-11,3,198.45,63,Old,Low
37119.0,2024-03-07,10,133.69,67,Old,Low
37129.0,2024-03-14,1,1056.66,60,Moderate,Low
37135.0,2024-03-11,2,323.24,63,Old,Low
37145.0,2024-03-18,21,456.03,56,Moderate,Low
37150.0,2024-03-20,3,110.36,54,Recent,Low
37153.0,2024-03-14,6,171.97,60,Moderate,Low
37159.0,2024-03-12,4,741.15,62,Old,Low
37163.0,2024-03-06,8,152.73,68,Old,Low
37171.0,2024-03-19,3,96.71,55,Moderate,Low
37177.0,2024-03-18,4,110.5,56,Moderate,Low
37180.0,2024-03-15,4,18701.4,59,Moderate,High
37187.0,2024-03-07,1,162.26,67,Old,Low
37192.0,2024-03-19,22,4050.98,55,Moderate,Medium
37194.0,2024-03-19,8,272.29,55,Moderate,Low
37195.0,2024-03-19,29,454.76,55,Moderate,Low
37254.0,2024-03-12,22,626.03,62,Old,Low
37270.0,2024-03-15,7,138.76,59,Moderate,Low
37277.0,2024-03-18,13,1012.4200000000001,56,Moderate,Low
37281.0,2024-03-15,27,1439.65,59,Moderate,Low
37311.0,2024-03-12,3,41492.25,62,Old,High
37320.0,2024-03-11,2,380.4,63,Old,Low
37324.0,2024-03-18,3,1167.58,56,Moderate,Low
37328.0,2024-03-13,4,1565.4,61,Old,Low
37329.0,2024-03-06,1,987.0,68,Old,Low
37330.0,2024-03-19,2,760.72,55,Moderate,Low
37346.0,2024-03-19,1,4894.24,55,Moderate,Medium
37352.0,2024-03-21,2,12514.3,53,Recent,High
37355.0,2024-03-12,2,9343.64,62,Old,Medium
37361.0,2024-03-11,1,154.53,63,Old,Low
37367.0,2024-03-14,2,3189.9,60,Moderate,Medium
37382.0,2024-03-14,29,3714.38,60,Moderate,Medium
37383.0,2024-03-12,1,348.0,62,Old,Low
37403.0,2024-03-11,8,226.06,63,Old,Low
37405.0,2024-03-22,1,5607.15,52,Recent,Medium
37407.0,2024-03-13,3,114.75999999999999,61,Old,Low
37414.0,2024-03-12,1,0.0,62,Old,Low
37453.0,2024-03-19,1,5353.85,55,Moderate,Medium
37459.0,2024-03-11,5,45028.0,63,Old,High
37480.0,2024-03-12,1,144.76,62,Old,Low
37488.0,2024-03-13,3,4306.75,61,Old,Medium
37489.0,2024-03-19,5,3944.6499999999996,55,Moderate,Medium
37490.0,2024-03-11,2,6596.7,63,Old,Medium
37493.0,2024-03-18,61,2600.08,56,Moderate,Medium
37501.0,2024-03-15,12,1625.69,59,Moderate,Low
37505.0,2024-03-15,2,143.56,59,Moderate,Low
37509.0,2024-03-12,1,270.4,62,Old,Low
37515.0,2024-03-06,5,1093.28,68,Old,Low
37518.0,2024-03-06,12,1010.92,68,Old,Low
37529.0,2024-03-21,3,6960.0,53,Recent,Medium
37531.0,2024-03-06,2,0.0,68,Old,Low
37533.0,2024-03-20,1,313.27,54,Recent,Low
37537.0,2024-03-19,16,449.12,55,Moderate,Low
37542.0,2024-03-14,1,294.64,60,Moderate,Low
37544.0,2024-03-12,2,12885.18,62,Old,High
37549.0,2024-03-22,401,30073.33,52,Recent,High
37554.0,2024-03-12,3,5290.0,62,Old,Medium
37602.0,2024-03-20,4,213.68,54,Recent,Low
37679.0,2024-03-08,4,4372.24,66,Old,Medium
37681.0,2024-03-19,110,191709.56,55,Moderate,High
38805.0,2024-03-13,1,680.0,61,Old,Low
38820.0,2024-03-19,1,0.0,55,Moderate,Low
38877.0,2024-03-19,9,49405.36,55,Moderate,High
39056.0,2024-03-19,3,2750.0,55,Moderate,Medium
39145.0,2024-03-20,1,0.0,54,Recent,Low
39516.0,2024-03-21,3,0.0,53,Recent,Low
39648.0,2024-03-15,20,16086.43,59,Moderate,High
39653.0,2024-03-11,27,6875.28,63,Old,Medium
39718.0,2024-03-13,1,0.0,61,Old,Low
39818.0,2024-03-07,2,266.54,67,Old,Low
39851.0,2024-03-14,2,1478.79,60,Moderate,Low
39853.0,2024-03-12,7,7226.64,62,Old,Medium
39907.0,2024-03-07,3,1835.81,67,Old,Low
39910.0,2024-03-18,2,18218.0,56,Moderate,High
39919.0,2024-03-19,2,3607.9,55,Moderate,Medium
39925.0,2021-08-12,1,17.36,1005,Old,Low
39942.0,2024-03-11,3,8401.93,63,Old,Medium
39948.0,2024-03-22,4,854.8199999999999,52,Recent,Low
39964.0,2024-03-13,2,811.0,61,Old,Low
39984.0,2024-03-07,1,-151.0,67,Old,Low
40022.0,2021-08-25,1,0.97,992,Old,Low
40049.0,2024-03-07,1,5894.0,67,Old,Medium
40051.0,2024-03-12,1,286.6,62,Old,Low
40055.0,2024-03-11,1,434.35,63,Old,Low
40117.0,2024-03-14,5,2643.16,60,Moderate,Medium
40118.0,2024-03-14,4,60895.00000000001,60,Moderate,High
40125.0,2024-03-19,4,494.0,55,Moderate,Low
40136.0,2024-03-14,1,1861.0,60,Moderate,Low
40151.0,2024-03-13,7,1687.18,61,Old,Low
40176.0,2024-03-21,5,3559.64,53,Recent,Medium
40179.0,2024-03-06,1,52.2,68,Old,Low
40185.0,2024-03-15,2,14517.4,59,Moderate,High
40201.0,2024-03-14,8,1239.2,60,Moderate,Low
40232.0,2024-03-15,5,-3373.75,59,Moderate,Low
40240.0,2024-03-19,8,19787.05,55,Moderate,High
40259.0,2024-03-13,1,344.64,61,Old,Low
40273.0,2024-03-18,1,3604.8,56,Moderate,Medium
40282.0,2024-03-21,14,2588.5099999999998,53,Recent,Medium
40303.0,2024-03-18,6,1007.63,56,Moderate,Low
40322.0,2023-06-21,1,1585.98,327,Old,Low
40345.0,2024-03-14,5,10164.52,60,Moderate,Medium
40370.0,2024-03-21,5,31856.25,53,Recent,High
40381.0,2024-03-08,3,316.29,66,Old,Low
40391.0,2024-03-18,18,13873.33,56,Moderate,High
40404.0,2024-03-16,1,-526.0,58,Moderate,Low
40410.0,2024-03-19,11,1769.6399999999999,55,Moderate,Low
40440.0,2024-03-18,2,282.09000000000003,56,Moderate,Low
40448.0,2024-03-18,1,531.44,56,Moderate,Low
40461.0,2024-03-19,1,747.58,55,Moderate,Low
40462.0,2024-03-11,1,1318.8,63,Old,Low
40473.0,2024-03-13,3,0.0,61,Old,Low
40476.0,2023-06-26,1,338.3,322,Old,Low
40479.0,2024-03-08,1,271.26,66,Old,Low
40483.0,2023-06-26,1,236.55,322,Old,Low
40936.0,2024-03-14,1,8732.0,60,Moderate,Medium
41295.0,2024-03-11,7,1384.13,63,Old,Low
41426.0,2024-03-08,4,0.0,66,Old,Low
41598.0,2024-03-19,1,358.2,55,Moderate,Low
41725.0,2024-03-11,1,49.98,63,Old,Low
41830.0,2024-03-11,5,8891.04,63,Old,Medium
41841.0,2024-03-14,38,19492.06,60,Moderate,High
41949.0,2024-03-22,9,0.0,52,Recent,Low
42174.0,2024-03-12,2,363.8,62,Old,Low
42426.0,2024-03-19,24,96071.4,55,Moderate,High
42507.0,2024-03-21,24,22475.57,53,Recent,High
42509.0,2024-03-22,53,32596.99,52,Recent,High
42522.0,2024-03-11,23,5837.61,63,Old,Medium
42825.0,2024-03-18,4,4930.68,56,Moderate,Medium
43476.0,2024-03-11,31,3720.38,63,Old,Medium
43493.0,2024-03-19,10,3579.19,55,Moderate,Medium
202424.0,2024-03-19,6,2404.6,55,Moderate,Medium
