CUSTOMER_ID,TOTAL_REVENUE,SEGMENT
132.0,7378.9,Mid-Value
133.0,354.3,Mid-Value
134.0,461510.2343,High-Value
137.0,644954.069,High-Value
140.0,116742.28,Mid-Value
142.0,55484.0,Mid-Value
143.0,2212589.5885,High-Value
147.0,235590.8712,High-Value
151.0,305.8,Mid-Value
154.0,7096.2,Mid-Value
169.0,897.28,Mid-Value
207.0,5627.36,Mid-Value
208.0,3521.82,Mid-Value
214.0,182956.84,High-Value
234.0,17063.34,Mid-Value
236.0,98829.65,Mid-Value
238.0,-224.52,Mid-Value
240.0,9677.25,Mid-Value
249.0,152009.4,Mid-Value
261.0,-71.86,Mid-Value
263.0,10427.21,Mid-Value
265.0,122650.13,Mid-Value
275.0,281.26,Mid-Value
299.0,19321.75,Mid-Value
303.0,38362.29,Mid-Value
308.0,4653.04,Mid-Value
317.0,565.0,Mid-Value
322.0,10241.26,Mid-Value
330.0,179823.02,High-Value
349.0,44385.09,Mid-Value
352.0,48011.78,Mid-Value
368.0,715.93,Mid-Value
374.0,28648.89,Mid-Value
381.0,5611.51,Mid-Value
382.0,188563.08,High-Value
384.0,4351.39,Mid-Value
411.0,10808.619999999999,Mid-Value
412.0,-203.33,Mid-Value
417.0,52662.93,Mid-Value
438.0,63805.86,Mid-Value
444.0,480.7,Mid-Value
460.0,-71.02,Mid-Value
474.0,-76.72,Mid-Value
481.0,5934.18,Mid-Value
545.0,8055.68,Mid-Value
556.0,375.98,Mid-Value
557.0,20607.75,Mid-Value
559.0,24573.69,Mid-Value
577.0,2149.0,Mid-Value
580.0,2426.5299999999997,Mid-Value
585.0,4856.86,Mid-Value
608.0,37844.88,Mid-Value
648.0,-111.84,Mid-Value
654.0,3240.0,Mid-Value
670.0,6135.59,Mid-Value
683.0,3739.21,Mid-Value
687.0,6621.76,Mid-Value
690.0,-618.69,Mid-Value
692.0,19782.19,Mid-Value
698.0,449.34999999999997,Mid-Value
699.0,10880.84,Mid-Value
709.0,168545.51,Mid-Value
714.0,-2227.71,Mid-Value
744.0,5.72,Mid-Value
747.0,72.18,Mid-Value
750.0,3260.96,Mid-Value
755.0,1985.93,Mid-Value
761.0,1080.07,Mid-Value
772.0,787.76,Mid-Value
775.0,11879.029999999999,Mid-Value
781.0,4254.45,Mid-Value
800.0,19152.95,Mid-Value
802.0,1596.02,Mid-Value
817.0,6250.68,Mid-Value
848.0,3988.5600000000004,Mid-Value
868.0,5237.52,Mid-Value
871.0,828.4399999999999,Mid-Value
872.0,35666.1,Mid-Value
891.0,40343.5,Mid-Value
898.0,4704.15,Mid-Value
904.0,9949.97,Mid-Value
906.0,4963.48,Mid-Value
920.0,556.12,Mid-Value
927.0,30319.989999999998,Mid-Value
932.0,897.3299999999999,Mid-Value
933.0,0.0,Mid-Value
951.0,-926.59,Mid-Value
954.0,4265.49,Mid-Value
956.0,-2.53,Mid-Value
980.0,1114.67,Mid-Value
994.0,92609.82,Mid-Value
995.0,7593.91,Mid-Value
1003.0,17493.71,Mid-Value
1032.0,14031.9,Mid-Value
1037.0,13076.19,Mid-Value
1042.0,7085.23,Mid-Value
1043.0,46293.060000000005,Mid-Value
1058.0,0.0,Mid-Value
1065.0,11011.85,Mid-Value
1069.0,1840.44,Mid-Value
1081.0,-553.79,Mid-Value
1098.0,3787.5,Mid-Value
1123.0,5212.13,Mid-Value
1124.0,3515.21,Mid-Value
1137.0,4850.18,Mid-Value
1140.0,302.05,Mid-Value
1141.0,3960.18,Mid-Value
1147.0,-68.03,Mid-Value
1154.0,9465.14,Mid-Value
1159.0,7898.85,Mid-Value
1181.0,3995.2,Mid-Value
1191.0,1674.8899999999999,Mid-Value
1302.0,5420.15,Mid-Value
1317.0,18901.36,Mid-Value
1324.0,9720.54,Mid-Value
1335.0,775.01,Mid-Value
1339.0,4402.58,Mid-Value
1342.0,4052.08,Mid-Value
1357.0,8909.710000000001,Mid-Value
1368.0,18630.82,Mid-Value
1373.0,4457.42,Mid-Value
1380.0,12779.99,Mid-Value
1390.0,7911.150000000001,Mid-Value
1395.0,3666.09,Mid-Value
1398.0,5110.2,Mid-Value
1403.0,4481.360000000001,Mid-Value
1404.0,10820.18,Mid-Value
1405.0,1143.5699999999997,Mid-Value
1435.0,6224.820000000001,Mid-Value
1440.0,202.39999999999998,Mid-Value
1446.0,-265.9,Mid-Value
1450.0,60.15,Mid-Value
1459.0,1208.4,Mid-Value
1460.0,1632.0900000000001,Mid-Value
1465.0,26208.9,Mid-Value
1471.0,12430.189999999999,Mid-Value
1482.0,-981.36,Mid-Value
1483.0,33068.77,Mid-Value
1492.0,-500.0,Mid-Value
1499.0,13853.2,Mid-Value
1510.0,5605.26,Mid-Value
1520.0,15018.109999999999,Mid-Value
1536.0,38846.76,Mid-Value
1537.0,296183.56,High-Value
1539.0,1629.48,Mid-Value
1542.0,18396.85,Mid-Value
1547.0,68.76,Mid-Value
1551.0,9133.05,Mid-Value
1562.0,6385.24,Mid-Value
1570.0,15931.84,Mid-Value
1583.0,0.0,Mid-Value
1593.0,11952.96,Mid-Value
1615.0,7555.96,Mid-Value
1621.0,3192.34,Mid-Value
1634.0,12868.84,Mid-Value
1644.0,20745.38,Mid-Value
1664.0,420.78,Mid-Value
1671.0,19409.989999999998,Mid-Value
1681.0,8485.2,Mid-Value
1687.0,-657.04,Mid-Value
1690.0,480.90999999999997,Mid-Value
1704.0,243.37,Mid-Value
1706.0,14790.599999999999,Mid-Value
1725.0,11353.41,Mid-Value
1730.0,163.49,Mid-Value
1758.0,564.0799999999999,Mid-Value
1765.0,0.0,Mid-Value
1768.0,34450.97,Mid-Value
1781.0,10538.57,Mid-Value
1782.0,3702.69,Mid-Value
1787.0,67179.89,Mid-Value
1817.0,279.44,Mid-Value
1826.0,25826.12,Mid-Value
1830.0,35518.66,Mid-Value
1835.0,711.96,Mid-Value
1846.0,8008.249999999999,Mid-Value
1862.0,5538.11,Mid-Value
1885.0,18936.18,Mid-Value
1917.0,406.65,Mid-Value
1956.0,3049.68,Mid-Value
1959.0,11661.79,Mid-Value
1960.0,46045.62,Mid-Value
1965.0,12887.14,Mid-Value
1985.0,-3500.0,Mid-Value
2004.0,31783.47,Mid-Value
2009.0,866.42,Mid-Value
2018.0,25444.99,Mid-Value
2026.0,5287.26,Mid-Value
2027.0,7312.139999999999,Mid-Value
2051.0,7176.599999999999,Mid-Value
2063.0,1671.3500000000001,Mid-Value
2066.0,12053.78,Mid-Value
2071.0,16650.97,Mid-Value
2075.0,-7032.88,Mid-Value
2078.0,21583.21,Mid-Value
2081.0,6054.09,Mid-Value
2097.0,45501.0,Mid-Value
2100.0,7506.83,Mid-Value
2106.0,4871.75,Mid-Value
2108.0,492887.3562,High-Value
2117.0,9007.59,Mid-Value
2125.0,9460.1,Mid-Value
2139.0,3226.2200000000003,Mid-Value
2161.0,71337.31,Mid-Value
2163.0,1303.2399999999998,Mid-Value
2165.0,699.5999999999999,Mid-Value
2166.0,10275.38,Mid-Value
2167.0,27924.36,Mid-Value
2185.0,205373.53,High-Value
2195.0,11105.66,Mid-Value
2205.0,1654.74,Mid-Value
2210.0,-312.73,Mid-Value
2216.0,23877.760000000002,Mid-Value
2259.0,4089.28,Mid-Value
2283.0,397.59000000000003,Mid-Value
2294.0,8753.89,Mid-Value
2305.0,5589.44,Mid-Value
2315.0,1480.32,Mid-Value
2342.0,12216.19,Mid-Value
2348.0,4658.29,Mid-Value
2361.0,6182.96,Mid-Value
2435.0,4356.59,Mid-Value
2496.0,4696.33,Mid-Value
2500.0,728.6400000000001,Mid-Value
2510.0,10692.77,Mid-Value
2534.0,12710.26,Mid-Value
2535.0,9256.81,Mid-Value
2537.0,2985.57,Mid-Value
2559.0,9931.32,Mid-Value
2561.0,2450.0,Mid-Value
2575.0,204963.07,High-Value
2602.0,0.0,Mid-Value
2603.0,35382.88,Mid-Value
2604.0,65701.74,Mid-Value
2605.0,8165.97,Mid-Value
2608.0,68657.94,Mid-Value
2609.0,4032.61,Mid-Value
2613.0,14993.78,Mid-Value
2615.0,88513.17,Mid-Value
2625.0,4316.29,Mid-Value
2627.0,564.0999999999999,Mid-Value
2628.0,14333.880000000001,Mid-Value
2669.0,21808.8,Mid-Value
2674.0,3055.98,Mid-Value
2694.0,66421.9,Mid-Value
2699.0,9028.66,Mid-Value
2700.0,3698.42,Mid-Value
2704.0,957.42,Mid-Value
2707.0,14537.34,Mid-Value
2708.0,76068.96,Mid-Value
2716.0,8175.62,Mid-Value
2717.0,20606.67,Mid-Value
2720.0,1548.88,Mid-Value
2723.0,72783.28,Mid-Value
2726.0,5370.64,Mid-Value
2727.0,10322.91,Mid-Value
2732.0,266272.17,High-Value
2735.0,28933.68,Mid-Value
2737.0,33520.32,Mid-Value
2738.0,11378.92,Mid-Value
2742.0,3803.18,Mid-Value
2748.0,4140.9,Mid-Value
2750.0,320.53,Mid-Value
2751.0,3619.75,Mid-Value
2752.0,98178.02,Mid-Value
2753.0,106898.04,Mid-Value
2755.0,38847.5,Mid-Value
2760.0,70690.95,Mid-Value
2764.0,9454.53,Mid-Value
2766.0,18863.26,Mid-Value
2767.0,788974.82,High-Value
2774.0,3894.86,Mid-Value
2791.0,5792.7,Mid-Value
2792.0,132065.24,Mid-Value
2794.0,28106.510000000002,Mid-Value
2797.0,69265.31,Mid-Value
2800.0,19988.72,Mid-Value
2803.0,36259.63,Mid-Value
2805.0,4735.24,Mid-Value
2806.0,59900.51,Mid-Value
2807.0,-83.85000000000002,Mid-Value
2810.0,128100.4,Mid-Value
2812.0,3611.04,Mid-Value
2815.0,2065424.693,High-Value
2816.0,18083.760000000002,Mid-Value
2819.0,787044.83,High-Value
2821.0,269812.25,High-Value
2827.0,4847.530000000001,Mid-Value
2828.0,5692.1,Mid-Value
2831.0,436570.07,High-Value
2834.0,78746.2,Mid-Value
2837.0,311244.63,High-Value
2838.0,4704.81,Mid-Value
2841.0,6315.54,Mid-Value
2843.0,70069.68,Mid-Value
2847.0,5415.85,Mid-Value
2848.0,34033.52,Mid-Value
2849.0,35725.14,Mid-Value
2858.0,20764.18,Mid-Value
2859.0,2772.48,Mid-Value
2860.0,9785.550000000001,Mid-Value
2863.0,235751.44999999998,High-Value
2865.0,845327.56,High-Value
2867.0,141339.15,Mid-Value
2870.0,643.83,Mid-Value
2872.0,20537.05,Mid-Value
2873.0,108736.7,Mid-Value
2879.0,103953.2,Mid-Value
2882.0,18368.29,Mid-Value
2884.0,150856.87,Mid-Value
2890.0,6911.34,Mid-Value
2903.0,111158.55,Mid-Value
2904.0,13880.61,Mid-Value
2908.0,24311.71,Mid-Value
2909.0,7997.12,Mid-Value
2910.0,17774.97,Mid-Value
2911.0,787.9100000000001,Mid-Value
2912.0,6090.36,Mid-Value
2917.0,4419.26,Mid-Value
2920.0,106865.66,Mid-Value
2921.0,8907.39,Mid-Value
2922.0,11414.46,Mid-Value
2923.0,13204.74,Mid-Value
2926.0,47496.78,Mid-Value
2928.0,14278.06,Mid-Value
2930.0,13539.2,Mid-Value
2938.0,446.25,Mid-Value
2940.0,40926.98,Mid-Value
2943.0,28253.66,Mid-Value
2959.0,15140.8,Mid-Value
2961.0,16580.39,Mid-Value
2962.0,0.0,Mid-Value
2968.0,140667.88,Mid-Value
2969.0,1564.15,Mid-Value
2978.0,10810.7,Mid-Value
2982.0,8022.22,Mid-Value
2987.0,7088.42,Mid-Value
2988.0,3822.02,Mid-Value
2992.0,67655.24,Mid-Value
2995.0,31882.88,Mid-Value
3003.0,21752.85,Mid-Value
3009.0,3383.29,Mid-Value
3013.0,131314.98,Mid-Value
3017.0,1291.45,Mid-Value
3019.0,26689.42,Mid-Value
3021.0,139456.15,Mid-Value
3024.0,76482.01,Mid-Value
3025.0,3840.63,Mid-Value
3026.0,10678.25,Mid-Value
3033.0,4671.66,Mid-Value
3037.0,29238.72,Mid-Value
3041.0,241612.87,High-Value
3047.0,3773.25,Mid-Value
3049.0,57840.77,Mid-Value
3050.0,198963.46,High-Value
3054.0,50696.58,Mid-Value
3055.0,50943.12,Mid-Value
3061.0,20010.0,Mid-Value
3062.0,17776.33,Mid-Value
3063.0,14429.19,Mid-Value
3065.0,106377.55,Mid-Value
3068.0,10670.65,Mid-Value
3069.0,3477.44,Mid-Value
3145.0,3240.69,Mid-Value
3199.0,474.15999999999997,Mid-Value
3232.0,306190.38,High-Value
3241.0,2154.94,Mid-Value
3256.0,-713.7,Mid-Value
3271.0,43051.520000000004,Mid-Value
3285.0,14516.3,Mid-Value
3322.0,38826.0,Mid-Value
3324.0,8208.0,Mid-Value
3326.0,26999.7,Mid-Value
3404.0,4220.0,Mid-Value
3413.0,7789.91,Mid-Value
3418.0,22955.21,Mid-Value
3427.0,2494.49,Mid-Value
3431.0,15583.7,Mid-Value
3437.0,16160.060000000001,Mid-Value
3440.0,5907.87,Mid-Value
3444.0,8170.59,Mid-Value
3448.0,8179.63,Mid-Value
3452.0,3064.74,Mid-Value
3454.0,640.16,Mid-Value
3455.0,3330.72,Mid-Value
3460.0,191995.5261,High-Value
3465.0,823.2,Mid-Value
3477.0,527.04,Mid-Value
3481.0,20960.979,Mid-Value
3628.0,36748.1825,Mid-Value
3842.0,1944.8799999999999,Mid-Value
3881.0,42345.32,Mid-Value
3885.0,987.27,Mid-Value
3897.0,4847.81,Mid-Value
3902.0,0.0,Mid-Value
3907.0,17279.88,Mid-Value
3910.0,355.19,Mid-Value
3921.0,1381474.45,High-Value
3934.0,90736.74,Mid-Value
3941.0,5702.42,Mid-Value
3971.0,34922.28,Mid-Value
3980.0,3867.82,Mid-Value
3983.0,4899.74,Mid-Value
3989.0,455027.84,High-Value
3991.0,185409.44,High-Value
3994.0,7283.099999999999,Mid-Value
3997.0,5786.3,Mid-Value
3998.0,3529.87,Mid-Value
4004.0,40402.119999999995,Mid-Value
4005.0,8066.99,Mid-Value
4006.0,683.3399999999999,Mid-Value
4008.0,8309.17,Mid-Value
4011.0,8148.78,Mid-Value
4014.0,6830.4,Mid-Value
4018.0,4956.93,Mid-Value
4027.0,60696.38,Mid-Value
4030.0,38125.1,Mid-Value
4034.0,6409.69,Mid-Value
4036.0,0.0,Mid-Value
4045.0,-356.73000000000013,Mid-Value
4048.0,9109.56,Mid-Value
4051.0,25785.0,Mid-Value
4053.0,56251.65,Mid-Value
4060.0,94029.53,Mid-Value
4063.0,62103.17,Mid-Value
4298.0,0.0,Mid-Value
4313.0,-32.95,Mid-Value
4460.0,4633.96,Mid-Value
4760.0,61291.74,Mid-Value
4965.0,344.5,Mid-Value
5171.0,100800.0,Mid-Value
5650.0,8127.23,Mid-Value
6025.0,-264.06999999999994,Mid-Value
6296.0,33983.0,Mid-Value
6454.0,4694.37,Mid-Value
6476.0,1860.0,Mid-Value
6733.0,-1958.91,Mid-Value
6780.0,514.48,Mid-Value
6797.0,26501.64,Mid-Value
7825.0,49351.04,Mid-Value
8516.0,3868.1600000000003,Mid-Value
8524.0,18010.52,Mid-Value
8560.0,6164.32,Mid-Value
8563.0,62464.840000000004,Mid-Value
8570.0,3557.75,Mid-Value
8614.0,23189.64,Mid-Value
8630.0,4358.83,Mid-Value
8661.0,2659.41,Mid-Value
9292.0,9702.65,Mid-Value
9371.0,571.0600000000001,Mid-Value
9535.0,66751.1,Mid-Value
13852.0,383.31,Mid-Value
15040.0,1933.46,Mid-Value
15780.0,3650.1,Mid-Value
16435.0,3929.66,Mid-Value
16449.0,23350.920000000002,Mid-Value
17017.0,82124.27,Mid-Value
17039.0,1318.1,Mid-Value
17147.0,18944.52,Mid-Value
17148.0,437.0,Mid-Value
17175.0,919.48,Mid-Value
17351.0,3720.06,Mid-Value
17527.0,437.54,Mid-Value
17582.0,-1090.56,Mid-Value
17635.0,65649.92,Mid-Value
17663.0,3853.75,Mid-Value
18012.0,3959.81,Mid-Value
18023.0,76603.8,Mid-Value
18211.0,975.195,Mid-Value
18353.0,29123.4,Mid-Value
18524.0,753.06,Mid-Value
18608.0,-2349.06,Mid-Value
18745.0,338.94,Mid-Value
18870.0,55.2,Mid-Value
18902.0,12171.52,Mid-Value
18960.0,22743.41,Mid-Value
19022.0,-62.0,Mid-Value
19161.0,4089.0,Mid-Value
19180.0,0.0,Mid-Value
19239.0,934.37,Mid-Value
19450.0,2795.12,Mid-Value
19545.0,8225.6,Mid-Value
19551.0,6551.8099999999995,Mid-Value
19552.0,10123.84,Mid-Value
19595.0,1971.21,Mid-Value
19607.0,13149.22,Mid-Value
19716.0,1429.02,Mid-Value
19800.0,-64.53,Mid-Value
19833.0,1842.6999999999998,Mid-Value
19846.0,5761.62,Mid-Value
19869.0,5237.29,Mid-Value
19971.0,3570.61,Mid-Value
19983.0,10686.95,Mid-Value
19997.0,913.49,Mid-Value
20087.0,2540.95,Mid-Value
20244.0,6236.01,Mid-Value
20287.0,3689.4,Mid-Value
20313.0,4471.09,Mid-Value
20314.0,639.74,Mid-Value
20391.0,4088.7200000000003,Mid-Value
20445.0,4253.62,Mid-Value
20448.0,1373.75,Mid-Value
20511.0,29349.559999999998,Mid-Value
20688.0,16601.2754,Mid-Value
20863.0,5426.5,Mid-Value
20945.0,26341.56,Mid-Value
21178.0,258.06,Mid-Value
21183.0,129842.38,Mid-Value
21279.0,1705.4344999999998,Mid-Value
21332.0,-120.0,Mid-Value
21417.0,3486.25,Mid-Value
21507.0,1773.3,Mid-Value
21701.0,17325.739999999998,Mid-Value
21896.0,17188.9,Mid-Value
22140.0,1315.29,Mid-Value
22157.0,7966.46,Mid-Value
22176.0,456419.73,High-Value
22282.0,16440.85,Mid-Value
22404.0,19666.329999999998,Mid-Value
22454.0,307.91999999999996,Mid-Value
22619.0,45154.51,Mid-Value
22650.0,3630.64,Mid-Value
22761.0,183418.81,High-Value
22815.0,3528.5,Mid-Value
22922.0,3766.1600000000003,Mid-Value
22982.0,3180.99,Mid-Value
23016.0,11118.2,Mid-Value
23183.0,14655.69,Mid-Value
23194.0,187842.82,High-Value
23410.0,14469.32,Mid-Value
23591.0,2614.66,Mid-Value
23845.0,7375.38,Mid-Value
23910.0,4073.28,Mid-Value
23920.0,13704.720000000001,Mid-Value
23979.0,-38.91,Mid-Value
24278.0,1034.84,Mid-Value
24356.0,7222.54,Mid-Value
24466.0,13245.0,Mid-Value
24487.0,-100.0,Mid-Value
24617.0,696.53,Mid-Value
24702.0,7426.12,Mid-Value
24949.0,10808.7,Mid-Value
24958.0,119741.02,Mid-Value
24971.0,52424.48,Mid-Value
24990.0,14380.16,Mid-Value
25220.0,50069.64,Mid-Value
25230.0,3021.0,Mid-Value
25265.0,125861.49,Mid-Value
25447.0,26.520000000000003,Mid-Value
25587.0,14845.98,Mid-Value
25842.0,498.56,Mid-Value
26131.0,5435.72,Mid-Value
26414.0,386.16,Mid-Value
26475.0,470.15999999999997,Mid-Value
26497.0,1203.06,Mid-Value
26522.0,39418.77,Mid-Value
26528.0,-157.85000000000008,Mid-Value
26565.0,20345.36,Mid-Value
27187.0,628.32,Mid-Value
27256.0,15726.6,Mid-Value
27428.0,3851.52,Mid-Value
27442.0,3732.92,Mid-Value
27564.0,7694.1,Mid-Value
27669.0,607.2,Mid-Value
27681.0,7400.0,Mid-Value
27834.0,3388.52,Mid-Value
27866.0,3704.0,Mid-Value
27870.0,3525.19,Mid-Value
27930.0,7596.8,Mid-Value
28367.0,1061.6299999999999,Mid-Value
28502.0,986.96,Mid-Value
28510.0,785.78,Mid-Value
28511.0,16000.19,Mid-Value
28631.0,11525.24,Mid-Value
28635.0,420.76,Mid-Value
29396.0,2714.02,Mid-Value
29734.0,671.6,Mid-Value
30185.0,261.24,Mid-Value
30238.0,2433.29,Mid-Value
30420.0,22912.61,Mid-Value
30494.0,3778.41,Mid-Value
30517.0,16.63,Mid-Value
30663.0,593.4,Mid-Value
30716.0,66.8,Mid-Value
30902.0,4297.16,Mid-Value
30988.0,11784.0,Mid-Value
31065.0,314.16,Mid-Value
31112.0,1768.72,Mid-Value
31478.0,9668.0,Mid-Value
31599.0,68509.08,Mid-Value
31681.0,1328.26,Mid-Value
31686.0,697.07,Mid-Value
31710.0,3967.77,Mid-Value
31922.0,4869.2300000000005,Mid-Value
32188.0,66455.52,Mid-Value
32247.0,3629.23,Mid-Value
32636.0,5000.2,Mid-Value
32693.0,6797.75,Mid-Value
32722.0,1253.7,Mid-Value
32723.0,101813.46,Mid-Value
32783.0,1943.1599999999999,Mid-Value
32824.0,4935.35,Mid-Value
32964.0,4569.0,Mid-Value
33001.0,91219.42,Mid-Value
33047.0,45469.0,Mid-Value
33091.0,1129.58,Mid-Value
33093.0,14418.109,Mid-Value
33109.0,5977.030000000001,Mid-Value
33159.0,2633.6,Mid-Value
33201.0,11966.78,Mid-Value
33284.0,4884.780000000001,Mid-Value
33455.0,4921.0,Mid-Value
33495.0,40000.0,Mid-Value
33623.0,5276.85,Mid-Value
33640.0,3533.2,Mid-Value
33667.0,5149.8,Mid-Value
33738.0,13511.619999999999,Mid-Value
33812.0,326.1,Mid-Value
34081.0,-389.2,Mid-Value
34090.0,-6200.0,Mid-Value
34288.0,377.65,Mid-Value
34437.0,1445.04,Mid-Value
35103.0,14780.039999999999,Mid-Value
35143.0,0.0,Mid-Value
35224.0,-59.23,Mid-Value
35299.0,-36721.53,Mid-Value
35455.0,344.76,Mid-Value
35526.0,244203.6029,High-Value
35779.0,489.9,Mid-Value
35850.0,4136.16,Mid-Value
35858.0,-54.11,Mid-Value
35880.0,2686.1,Mid-Value
36083.0,3894.21,Mid-Value
36096.0,703.0,Mid-Value
36103.0,22177.62,Mid-Value
36161.0,967.442,Mid-Value
36257.0,723.0,Mid-Value
36315.0,70.77,Mid-Value
36334.0,0.0,Mid-Value
36338.0,13515.02,Mid-Value
36360.0,588.8,Mid-Value
36407.0,-1000.0,Mid-Value
36423.0,2088.16,Mid-Value
36434.0,1637.8,Mid-Value
36436.0,1773.1,Mid-Value
36449.0,11869.14,Mid-Value
36462.0,1772.0,Mid-Value
36466.0,347.6,Mid-Value
36490.0,2851.2,Mid-Value
36497.0,387.84,Mid-Value
36498.0,1628.0,Mid-Value
36499.0,2493.6,Mid-Value
36529.0,6173.28,Mid-Value
36564.0,8513.3,Mid-Value
36602.0,938.81,Mid-Value
36613.0,226993.09,High-Value
36616.0,6006.0,Mid-Value
36868.0,566.7,Mid-Value
36891.0,892.17,Mid-Value
36916.0,168.07,Mid-Value
36947.0,386.6,Mid-Value
36949.0,938.69,Mid-Value
36965.0,-4.65,Mid-Value
36971.0,10067.68,Mid-Value
36983.0,217.48,Mid-Value
36991.0,182.38,Mid-Value
37004.0,1744.15,Mid-Value
37009.0,426.0,Mid-Value
37027.0,3644.25,Mid-Value
37032.0,430.07,Mid-Value
37034.0,4030.99,Mid-Value
37038.0,1573.73,Mid-Value
37041.0,443.2,Mid-Value
37062.0,21476.0,Mid-Value
37066.0,1242.0,Mid-Value
37072.0,10752.59,Mid-Value
37074.0,7029.0,Mid-Value
37081.0,13037.48,Mid-Value
37093.0,535.97,Mid-Value
37100.0,874.37,Mid-Value
37103.0,1161.8200000000002,Mid-Value
37109.0,233.3,Mid-Value
37119.0,236.63,Mid-Value
37129.0,1056.66,Mid-Value
37135.0,367.4,Mid-Value
37145.0,456.03,Mid-Value
37150.0,110.36,Mid-Value
37153.0,247.9,Mid-Value
37159.0,824.47,Mid-Value
37163.0,171.68,Mid-Value
37171.0,96.71,Mid-Value
37177.0,154.32,Mid-Value
37180.0,18701.4,Mid-Value
37187.0,196.35999999999999,Mid-Value
37192.0,4050.98,Mid-Value
37194.0,272.29,Mid-Value
37195.0,498.5,Mid-Value
37222.0,-129.29000000000002,Mid-Value
37254.0,780.29,Mid-Value
37270.0,179.19,Mid-Value
37277.0,1012.4200000000001,Mid-Value
37281.0,1628.3,Mid-Value
37311.0,41492.25,Mid-Value
37320.0,409.75,Mid-Value
37324.0,1167.58,Mid-Value
37328.0,1845.72,Mid-Value
37329.0,987.0,Mid-Value
37330.0,760.72,Mid-Value
37344.0,-204.2,Mid-Value
37346.0,4894.24,Mid-Value
37352.0,12514.3,Mid-Value
37355.0,9343.64,Mid-Value
37361.0,176.67000000000002,Mid-Value
37367.0,3189.9,Mid-Value
37382.0,3714.38,Mid-Value
37383.0,348.0,Mid-Value
37403.0,280.93,Mid-Value
37405.0,5607.15,Mid-Value
37407.0,153.28,Mid-Value
37414.0,0.0,Mid-Value
37453.0,5353.85,Mid-Value
37459.0,45028.0,Mid-Value
37480.0,144.76,Mid-Value
37488.0,4306.75,Mid-Value
37489.0,3944.6499999999996,Mid-Value
37490.0,6596.7,Mid-Value
37493.0,2600.08,Mid-Value
37494.0,-209.53,Mid-Value
37501.0,1625.69,Mid-Value
37505.0,180.37,Mid-Value
37509.0,270.4,Mid-Value
37515.0,1093.28,Mid-Value
37518.0,1010.92,Mid-Value
37521.0,-895.9000000000001,Mid-Value
37529.0,6960.0,Mid-Value
37531.0,0.0,Mid-Value
37533.0,313.27,Mid-Value
37537.0,563.64,Mid-Value
37542.0,326.44,Mid-Value
37544.0,12885.18,Mid-Value
37549.0,30073.33,Mid-Value
37554.0,5290.0,Mid-Value
37602.0,213.68,Mid-Value
37679.0,4372.24,Mid-Value
37681.0,191709.56,High-Value
37752.0,490.0,Mid-Value
37756.0,-439.07,Mid-Value
38805.0,700.4,Mid-Value
38820.0,0.0,Mid-Value
38877.0,49405.36,Mid-Value
39056.0,5355.0,Mid-Value
39145.0,0.0,Mid-Value
39516.0,0.0,Mid-Value
39648.0,16086.43,Mid-Value
39653.0,6875.28,Mid-Value
39718.0,0.0,Mid-Value
39818.0,315.48,Mid-Value
39851.0,1740.38,Mid-Value
39853.0,7226.64,Mid-Value
39907.0,1835.81,Mid-Value
39910.0,18218.0,Mid-Value
39919.0,3607.9,Mid-Value
39925.0,17.36,Mid-Value
39942.0,8401.93,Mid-Value
39948.0,854.8199999999999,Mid-Value
39964.0,811.0,Mid-Value
39984.0,-151.0,Mid-Value
40022.0,0.97,Mid-Value
40049.0,5894.0,Mid-Value
40051.0,286.6,Mid-Value
40055.0,434.35,Mid-Value
40114.0,-16.97,Mid-Value
40117.0,2643.16,Mid-Value
40118.0,60895.00000000001,Mid-Value
40125.0,494.0,Mid-Value
40136.0,1861.0,Mid-Value
40151.0,1825.99,Mid-Value
40176.0,4561.63,Mid-Value
40179.0,66.9,Mid-Value
40185.0,14517.4,Mid-Value
40201.0,1410.97,Mid-Value
40232.0,-3271.0699999999997,Mid-Value
40240.0,19787.05,Mid-Value
40259.0,410.2,Mid-Value
40273.0,3604.8,Mid-Value
40282.0,2588.5099999999998,Mid-Value
40302.0,-83.39,Mid-Value
40303.0,1103.57,Mid-Value
40322.0,1585.98,Mid-Value
40345.0,10164.52,Mid-Value
40360.0,-1015.74,Mid-Value
40370.0,31856.25,Mid-Value
40381.0,316.29,Mid-Value
40391.0,13832.58,Mid-Value
40404.0,-526.0,Mid-Value
40410.0,1769.6399999999999,Mid-Value
40440.0,282.09000000000003,Mid-Value
40448.0,771.0200000000001,Mid-Value
40461.0,747.58,Mid-Value
40462.0,1318.8,Mid-Value
40473.0,0.0,Mid-Value
40476.0,338.3,Mid-Value
40479.0,308.26,Mid-Value
40483.0,255.65,Mid-Value
40936.0,8732.0,Mid-Value
41295.0,1491.94,Mid-Value
41426.0,0.0,Mid-Value
41598.0,358.2,Mid-Value
41725.0,49.98,Mid-Value
41830.0,8713.22,Mid-Value
41841.0,19492.06,Mid-Value
41949.0,0.0,Mid-Value
42174.0,426.83,Mid-Value
42329.0,-426.55,Mid-Value
42426.0,97147.86,Mid-Value
42507.0,23550.46,Mid-Value
42509.0,34676.06,Mid-Value
42522.0,5539.86,Mid-Value
42825.0,6173.18,Mid-Value
43476.0,3720.38,Mid-Value
43493.0,3579.19,Mid-Value
202424.0,2404.6,Mid-Value
