BILL_CUSTOMER_SID,recency,frequency,monetary,rolling_freq,rolling_monetary,freq_trend,monetary_trend,cluster
132.0,108,1,7378.9,1.0,7378.9,,,1
133.0,104,3,354.3,3.0,354.3,,,1
134.0,101,106,461510.2343,106.0,461510.2343,,,0
137.0,100,60,644954.069,60.0,644954.069,,,0
140.0,100,151,116742.28,151.0,116742.28,,,1
142.0,106,1,55484.0,1.0,55484.0,,,1
143.0,100,343,2212589.5885,343.0,2212589.5885,,,3
147.0,105,23,235590.8712,23.0,235590.8712,,,1
151.0,97,2,305.8,2.0,305.8,,,1
154.0,98,14,7096.2,14.0,7096.2,,,1
169.0,104,3,897.28,3.0,897.28,,,1
207.0,107,7,5627.36,7.0,5627.36,,,1
208.0,97,13,3521.82,13.0,3521.82,,,1
214.0,98,51,182956.84,51.0,182956.84,,,1
234.0,99,46,17063.34,46.0,17063.34,,,1
236.0,97,169,98829.65,169.0,98829.65,,,0
238.0,110,1,-224.52,1.0,-224.52,,,1
240.0,97,26,9677.25,26.0,9677.25,,,1
249.0,97,454,152009.4,227.0,76004.70000000001,73.66666666666667,61.42366474321263,0
261.0,113,1,-71.86,1.0,-71.86,,,1
263.0,101,32,10427.21,32.0,10427.21,,,1
265.0,97,247,122650.13,247.0,122650.13,,,0
275.0,106,2,281.26,2.0,281.26,,,1
299.0,98,12,19321.75,12.0,19321.75,,,1
303.0,99,214,38362.29,214.0,38362.29,,,0
308.0,107,2,4653.04,2.0,4653.04,,,1
317.0,104,3,565.0,3.0,565.0,,,1
322.0,101,14,10241.26,14.0,10241.26,,,1
330.0,98,270,179823.02,270.0,179823.02,,,0
349.0,100,53,44385.09,53.0,44385.09,,,1
352.0,100,90,48011.78,90.0,48011.78,,,1
368.0,106,5,715.93,5.0,715.93,,,1
374.0,105,42,28648.89,42.0,28648.89,,,1
381.0,108,5,5611.51,5.0,5611.51,,,1
382.0,97,415,188563.08,415.0,188563.08,,,0
384.0,101,7,4351.39,7.0,4351.39,,,1
411.0,105,18,10808.619999999999,18.0,10808.619999999999,,,1
412.0,107,6,-203.33,6.0,-203.33,,,1
417.0,99,166,52662.93,166.0,52662.93,,,1
438.0,97,103,63805.86,103.0,63805.86,,,1
444.0,107,3,480.7,3.0,480.7,,,1
460.0,111,1,-71.02,1.0,-71.02,,,1
474.0,104,1,-76.72,1.0,-76.72,,,1
481.0,98,17,5934.18,17.0,5934.18,,,1
545.0,104,7,8055.68,7.0,8055.68,,,1
556.0,97,2,375.98,2.0,375.98,,,1
557.0,106,77,20607.75,77.0,20607.75,,,1
559.0,100,75,24573.69,75.0,24573.69,,,1
577.0,113,1,2149.0,1.0,2149.0,,,1
580.0,101,6,2426.5299999999997,6.0,2426.5299999999997,,,1
585.0,101,14,4856.86,14.0,4856.86,,,1
608.0,106,49,37844.88,49.0,37844.88,,,1
648.0,98,1,-111.84,1.0,-111.84,,,1
654.0,111,1,3240.0,1.0,3240.0,,,1
670.0,101,18,6135.59,18.0,6135.59,,,1
683.0,104,11,3739.21,11.0,3739.21,,,1
687.0,104,29,6621.76,29.0,6621.76,,,1
690.0,112,3,-618.69,3.0,-618.69,,,1
692.0,99,84,19782.19,84.0,19782.19,,,1
698.0,105,2,449.34999999999997,2.0,449.34999999999997,,,1
699.0,105,38,10880.84,38.0,10880.84,,,1
709.0,98,558,168435.01,279.0,84217.50499999999,556.0,3493.9528850145284,0
714.0,106,4,-2227.71,4.0,-2227.71,,,1
744.0,364,1,5.72,1.0,5.72,,,2
747.0,370,1,72.18,1.0,72.18,,,2
750.0,107,6,3260.96,6.0,3260.96,,,1
755.0,107,20,1985.93,20.0,1985.93,,,1
761.0,98,8,1080.07,8.0,1080.07,,,1
772.0,99,2,787.76,2.0,787.76,,,1
775.0,99,20,11879.029999999999,20.0,11879.029999999999,,,1
781.0,111,32,4254.45,32.0,4254.45,,,1
800.0,99,34,19152.95,34.0,19152.95,,,1
802.0,106,2,1596.02,1.0,798.01,0.0,-1.079509539299144,1
817.0,107,5,6250.68,5.0,6250.68,,,1
848.0,101,8,3988.5600000000004,8.0,3988.5600000000004,,,1
868.0,100,11,5237.52,11.0,5237.52,,,1
871.0,104,6,828.4399999999999,6.0,828.4399999999999,,,1
872.0,100,10,35666.1,10.0,35666.1,,,1
891.0,98,50,40343.5,50.0,40343.5,,,1
898.0,97,19,4704.15,19.0,4704.15,,,1
904.0,99,29,9949.97,29.0,9949.97,,,1
906.0,111,7,4963.48,7.0,4963.48,,,1
920.0,99,28,556.12,28.0,556.12,,,1
927.0,99,44,30319.989999999998,44.0,30319.989999999998,,,1
932.0,373,2,897.3299999999999,2.0,897.3299999999999,,,2
933.0,99,2,0.0,2.0,0.0,,,1
951.0,107,2,-926.59,2.0,-926.59,,,1
954.0,112,5,4265.49,2.5,2132.7450000000003,3.0,46.164972899729,1
956.0,112,1,-2.53,1.0,-2.53,,,1
980.0,99,4,1114.67,4.0,1114.67,,,1
994.0,97,128,92609.82,64.0,46304.91,126.0,1519.1862680683312,1
995.0,105,23,7593.91,11.5,3796.955,21.0,391.4668393782383,1
1003.0,98,24,17493.71,24.0,17493.71,,,1
1032.0,99,9,14031.9,9.0,14031.9,,,1
1037.0,108,110,13076.19,110.0,13076.19,,,1
1042.0,99,11,7085.23,11.0,7085.23,,,1
1043.0,108,13,46293.060000000005,13.0,46293.060000000005,,,1
1058.0,100,2,0.0,2.0,0.0,,,1
1065.0,99,40,11011.85,40.0,11011.85,,,1
1069.0,105,15,1840.44,15.0,1840.44,,,1
1081.0,107,6,-553.79,6.0,-553.79,,,1
1098.0,108,3,3787.5,3.0,3787.5,,,1
1123.0,99,15,5212.13,15.0,5212.13,,,1
1124.0,104,9,3515.21,9.0,3515.21,,,1
1137.0,106,8,4850.18,8.0,4850.18,,,1
1140.0,98,2,302.05,2.0,302.05,,,1
1141.0,105,24,3960.18,24.0,3960.18,,,1
1147.0,111,1,-68.03,1.0,-68.03,,,1
1154.0,98,33,9465.14,33.0,9465.14,,,1
1159.0,97,37,7898.85,37.0,7898.85,,,1
1181.0,107,4,3995.2,4.0,3995.2,,,1
1191.0,101,5,1674.8899999999999,5.0,1674.8899999999999,,,1
1302.0,108,13,5420.15,13.0,5420.15,,,1
1317.0,106,33,18901.36,33.0,18901.36,,,1
1324.0,105,5,9720.54,5.0,9720.54,,,1
1335.0,106,3,775.01,3.0,775.01,,,1
1339.0,97,9,4402.58,9.0,4402.58,,,1
1342.0,108,6,4052.08,6.0,4052.08,,,1
1357.0,104,26,8909.710000000001,26.0,8909.710000000001,,,1
1368.0,97,44,18630.82,44.0,18630.82,,,1
1373.0,106,4,4457.42,4.0,4457.42,,,1
1380.0,97,74,12779.99,74.0,12779.99,,,1
1390.0,105,11,7911.150000000001,11.0,7911.150000000001,,,1
1395.0,105,12,3666.09,12.0,3666.09,,,1
1398.0,111,28,5110.2,28.0,5110.2,,,1
1403.0,105,5,4481.360000000001,5.0,4481.360000000001,,,1
1404.0,104,28,10820.18,28.0,10820.18,,,1
1405.0,99,13,1143.5699999999997,13.0,1143.5699999999997,,,1
1435.0,105,21,6224.820000000001,21.0,6224.820000000001,,,1
1440.0,107,3,202.39999999999998,1.5,101.20000000000002,1.0,-0.6305818673883625,1
1446.0,99,1,-265.9,1.0,-265.9,,,1
1450.0,372,1,60.15,1.0,60.15,,,2
1459.0,112,2,1208.4,2.0,1208.4,,,1
1460.0,113,10,1632.0900000000001,10.0,1632.0900000000001,,,1
1465.0,97,69,26208.9,69.0,26208.9,,,1
1471.0,105,51,12430.189999999999,51.0,12430.189999999999,,,1
1482.0,113,1,-981.36,1.0,-981.36,,,1
1483.0,97,106,33068.77,106.0,33068.77,,,1
1492.0,105,1,-500.0,1.0,-500.0,,,1
1499.0,104,47,13853.2,47.0,13853.2,,,1
1510.0,100,24,5605.26,24.0,5605.26,,,1
1520.0,98,10,15018.109999999999,10.0,15018.109999999999,,,1
1536.0,97,80,38846.76,80.0,38846.76,,,1
1537.0,97,355,296183.56,355.0,296183.56,,,0
1539.0,112,4,1629.48,4.0,1629.48,,,1
1542.0,98,15,18396.85,15.0,18396.85,,,1
1547.0,112,1,68.76,1.0,68.76,,,1
1551.0,105,11,9133.05,11.0,9133.05,,,1
1562.0,105,24,6385.24,24.0,6385.24,,,1
1570.0,97,2,15931.84,2.0,15931.84,,,1
1583.0,105,1,0.0,1.0,0.0,,,1
1593.0,101,10,11952.96,10.0,11952.96,,,1
1615.0,106,23,7555.96,23.0,7555.96,,,1
1621.0,101,9,3192.34,9.0,3192.34,,,1
1634.0,99,36,12868.84,18.0,6434.42,16.0,299.0254970760234,1
1644.0,99,30,20745.38,30.0,20745.38,,,1
1664.0,106,4,420.78,4.0,420.78,,,1
1671.0,97,30,19409.989999999998,30.0,19409.989999999998,,,1
1681.0,100,40,8485.2,40.0,8485.2,,,1
1687.0,105,1,-657.04,1.0,-657.04,,,1
1690.0,111,3,480.90999999999997,3.0,480.90999999999997,,,1
1704.0,366,1,243.37,1.0,243.37,,,2
1706.0,98,3,14790.599999999999,3.0,14790.599999999999,,,1
1725.0,97,20,11353.41,20.0,11353.41,,,1
1730.0,106,27,163.49,27.0,163.49,,,1
1758.0,100,6,564.0799999999999,6.0,564.0799999999999,,,1
1765.0,99,2,0.0,2.0,0.0,,,1
1768.0,97,57,34450.97,57.0,34450.97,,,1
1781.0,101,27,10538.57,27.0,10538.57,,,1
1782.0,100,27,3702.69,27.0,3702.69,,,1
1787.0,97,91,67179.89,45.5,33589.945,89.0,7025.185146443515,1
1817.0,112,2,279.44,2.0,279.44,,,1
1826.0,101,79,25826.12,79.0,25826.12,,,1
1830.0,97,118,35518.66,118.0,35518.66,,,1
1835.0,366,4,711.96,4.0,711.96,,,2
1846.0,100,3,8008.249999999999,3.0,8008.249999999999,,,1
1862.0,98,22,5538.11,22.0,5538.11,,,1
1885.0,98,15,18936.18,15.0,18936.18,,,1
1917.0,101,2,406.65,2.0,406.65,,,1
1959.0,104,9,11661.79,9.0,11661.79,,,1
1960.0,107,72,46045.62,72.0,46045.62,,,1
1965.0,105,24,12887.14,24.0,12887.14,,,1
1985.0,106,1,-3500.0,1.0,-3500.0,,,1
2004.0,45,59,28745.75,18.333333333333332,8520.046666666667,-0.9807692307692307,-1.010513217456056,1
2009.0,112,3,866.42,3.0,866.42,,,1
2018.0,99,191,25444.99,95.5,12722.495,189.0,1072.5350506756758,1
2026.0,99,22,5287.26,22.0,5287.26,,,1
2027.0,101,13,7312.139999999999,13.0,7312.139999999999,,,1
2051.0,97,19,7176.599999999999,19.0,7176.599999999999,,,1
2063.0,113,6,1671.3500000000001,6.0,1671.3500000000001,,,1
2066.0,98,55,12053.78,55.0,12053.78,,,1
2071.0,99,42,16650.97,42.0,16650.97,,,1
2075.0,107,5,-7216.48,5.0,-7216.48,,,1
2078.0,99,23,21583.21,23.0,21583.21,,,1
2081.0,101,23,6054.09,23.0,6054.09,,,1
2097.0,97,143,45501.0,143.0,45501.0,,,1
2100.0,106,25,7506.83,25.0,7506.83,,,1
2106.0,99,18,4871.75,18.0,4871.75,,,1
2108.0,97,1895,492887.3562,947.5,246443.6781,471.75,2060.290193305439,3
2117.0,105,28,9007.59,28.0,9007.59,,,1
2125.0,105,23,9460.1,23.0,9460.1,,,1
2139.0,98,18,3226.2200000000003,18.0,3226.2200000000003,,,1
2161.0,99,32,71337.31,16.0,35668.655,14.0,11559.962722852511,1
2163.0,113,2,1303.2399999999998,2.0,1303.2399999999998,,,1
2165.0,100,2,699.5999999999999,2.0,699.5999999999999,,,1
2166.0,98,14,10275.38,14.0,10275.38,,,1
2167.0,98,139,27924.36,139.0,27924.36,,,1
2185.0,97,44,205373.53,44.0,205373.53,,,1
2195.0,101,57,11105.66,57.0,11105.66,,,1
2205.0,113,5,1654.74,5.0,1654.74,,,1
2210.0,106,1,-312.73,1.0,-312.73,,,1
2216.0,99,98,23877.760000000002,98.0,23877.760000000002,,,1
2259.0,106,3,4089.28,3.0,4089.28,,,1
2283.0,106,2,397.59000000000003,2.0,397.59000000000003,,,1
2294.0,99,6,8753.89,6.0,8753.89,,,1
2305.0,108,34,5589.44,34.0,5589.44,,,1
2315.0,101,1,1480.32,1.0,1480.32,,,1
2342.0,108,9,12216.19,9.0,12216.19,,,1
2348.0,106,15,4658.29,15.0,4658.29,,,1
2361.0,101,7,6182.96,7.0,6182.96,,,1
2435.0,106,12,4356.59,12.0,4356.59,,,1
2496.0,111,31,4696.33,31.0,4696.33,,,1
2500.0,100,3,728.6400000000001,3.0,728.6400000000001,,,1
2510.0,106,15,10692.77,15.0,10692.77,,,1
2534.0,112,46,12710.26,46.0,12710.26,,,1
2535.0,99,26,9256.81,26.0,9256.81,,,1
2537.0,100,6,2985.57,6.0,2985.57,,,1
2559.0,106,1,9931.32,1.0,9931.32,,,1
2561.0,106,2,2450.0,2.0,2450.0,,,1
2575.0,105,430,204963.07,430.0,204963.07,,,0
2602.0,105,2,0.0,2.0,0.0,,,1
2603.0,108,50,35382.88,50.0,35382.88,,,1
2604.0,98,89,65701.74,89.0,65701.74,,,1
2605.0,98,26,8165.97,26.0,8165.97,,,1
2608.0,100,193,68657.94,193.0,68657.94,,,0
2609.0,100,27,4032.61,27.0,4032.61,,,1
2613.0,111,18,14993.78,18.0,14993.78,,,1
2615.0,99,88,88513.17,88.0,88513.17,,,1
2625.0,97,11,4316.29,11.0,4316.29,,,1
2627.0,111,6,564.0999999999999,6.0,564.0999999999999,,,1
2628.0,99,56,14333.880000000001,56.0,14333.880000000001,,,1
2669.0,113,4,21808.8,4.0,21808.8,,,1
2674.0,101,9,3055.98,9.0,3055.98,,,1
2694.0,97,145,66421.9,72.5,33210.95,143.0,769.9886099488609,1
2699.0,106,25,9028.66,25.0,9028.66,,,1
2700.0,98,9,3698.42,9.0,3698.42,,,1
2704.0,112,6,957.42,6.0,957.42,,,1
2707.0,97,48,14537.34,48.0,14537.34,,,1
2708.0,97,106,76068.96,53.0,38034.48,33.333333333333336,400.37482147580005,1
2716.0,111,28,8175.62,28.0,8175.62,,,1
2717.0,98,92,20606.67,92.0,20606.67,,,1
2720.0,105,8,1548.88,8.0,1548.88,,,1
2723.0,97,33,72783.28,33.0,72783.28,,,1
2726.0,105,20,5370.64,20.0,5370.64,,,1
2727.0,98,56,10322.91,56.0,10322.91,,,1
2732.0,97,913,266272.17,913.0,266272.17,,,0
2735.0,99,83,28933.68,83.0,28933.68,,,1
2737.0,99,117,33520.32,117.0,33520.32,,,1
2738.0,97,30,11378.92,30.0,11378.92,,,1
2742.0,101,37,3803.18,37.0,3803.18,,,1
2748.0,100,1,4140.9,1.0,4140.9,,,1
2750.0,106,4,320.53,4.0,320.53,,,1
2751.0,107,4,3619.75,4.0,3619.75,,,1
2752.0,97,429,98178.02,429.0,98178.02,,,0
2753.0,99,173,106898.04,173.0,106898.04,,,0
2755.0,99,94,38847.5,94.0,38847.5,,,1
2760.0,97,247,70690.95,123.5,35345.475,47.4,178.15022935779817,1
2764.0,101,19,9454.53,19.0,9454.53,,,1
2766.0,108,38,18863.26,38.0,18863.26,,,1
2767.0,97,1240,788974.82,620.0,394487.41000000003,618.0,2371.570457280385,3
2774.0,101,11,3894.86,11.0,3894.86,,,1
2791.0,98,22,5792.7,22.0,5792.7,,,1
2792.0,98,111,132065.24,111.0,132065.24,,,1
2794.0,99,58,28106.510000000002,58.0,28106.510000000002,,,1
2797.0,97,263,69265.31,263.0,69265.31,,,0
2800.0,99,70,19988.72,35.0,9994.36,68.0,1803.6657633243,1
2803.0,98,50,36259.63,50.0,36259.63,,,1
2805.0,111,55,4735.24,55.0,4735.24,,,1
2806.0,98,87,59900.51,87.0,59900.51,,,1
2807.0,100,2,-83.85000000000002,2.0,-83.85000000000002,,,1
2810.0,99,141,128100.4,141.0,128100.4,,,1
2812.0,97,3,3611.04,3.0,3611.04,,,1
2815.0,97,2481,2064474.843,1240.5,1032237.4214999999,2479.0,1855.9623300184492,3
2816.0,104,18,18083.760000000002,18.0,18083.760000000002,,,1
2819.0,97,1216,787044.83,1216.0,787044.83,,,3
2821.0,97,653,269812.25,653.0,269812.25,,,0
2827.0,98,95,4847.530000000001,95.0,4847.530000000001,,,1
2828.0,99,41,5692.1,41.0,5692.1,,,1
2831.0,98,252,436570.07,252.0,436570.07,,,0
2834.0,98,246,78746.2,246.0,78746.2,,,0
2837.0,97,190,311244.63,190.0,311244.63,,,0
2838.0,100,22,4704.81,22.0,4704.81,,,1
2841.0,97,14,6315.54,14.0,6315.54,,,1
2843.0,98,13,70069.68,13.0,70069.68,,,1
2847.0,97,3,5415.85,3.0,5415.85,,,1
2848.0,97,100,34033.52,50.0,17016.76,98.0,612.8784101174344,1
2849.0,100,90,35725.14,90.0,35725.14,,,1
2858.0,99,43,20764.18,43.0,20764.18,,,1
2859.0,104,5,2772.48,5.0,2772.48,,,1
2860.0,99,156,9785.550000000001,156.0,9785.550000000001,,,1
2863.0,100,50,235751.44999999998,50.0,235751.44999999998,,,1
2865.0,97,473,845327.56,473.0,845327.56,,,3
2867.0,97,442,141339.15,221.0,70669.575,219.0,1489.2339101076175,0
2870.0,104,9,643.83,9.0,643.83,,,1
2872.0,98,36,20537.05,36.0,20537.05,,,1
2873.0,97,125,108736.7,125.0,108736.7,,,1
2879.0,98,154,103953.2,154.0,103953.2,,,1
2882.0,101,55,18368.29,55.0,18368.29,,,1
2884.0,98,50,150856.87,50.0,150856.87,,,1
2890.0,105,34,6911.34,34.0,6911.34,,,1
2903.0,97,584,111158.55,584.0,111158.55,,,0
2904.0,97,50,13880.61,50.0,13880.61,,,1
2908.0,101,88,24311.71,88.0,24311.71,,,1
2909.0,99,36,7997.12,36.0,7997.12,,,1
2910.0,105,55,17774.97,55.0,17774.97,,,1
2911.0,106,2,787.9100000000001,2.0,787.9100000000001,,,1
2912.0,99,27,6090.36,27.0,6090.36,,,1
2917.0,101,50,4419.26,50.0,4419.26,,,1
2920.0,98,217,106865.66,217.0,106865.66,,,0
2921.0,107,23,8907.39,23.0,8907.39,,,1
2922.0,112,36,11414.46,18.0,5707.2300000000005,34.0,101.11165311653116,1
2923.0,100,9,13204.74,9.0,13204.74,,,1
2926.0,107,41,47496.78,41.0,47496.78,,,1
2928.0,97,93,14278.06,93.0,14278.06,,,1
2930.0,100,44,13539.2,44.0,13539.2,,,1
2938.0,104,2,446.25,2.0,446.25,,,1
2940.0,101,115,40926.98,115.0,40926.98,,,1
2943.0,100,33,28253.66,33.0,28253.66,,,1
2959.0,98,60,15140.8,60.0,15140.8,,,1
2961.0,97,6,16580.39,6.0,16580.39,,,1
2962.0,113,2,0.0,2.0,0.0,,,1
2968.0,97,253,140667.88,253.0,140667.88,,,0
2969.0,97,17,1564.15,17.0,1564.15,,,1
2978.0,101,5,10810.7,5.0,10810.7,,,1
2982.0,99,35,8022.22,35.0,8022.22,,,1
2987.0,99,16,7088.42,16.0,7088.42,,,1
2988.0,99,47,3822.02,23.5,1911.01,45.0,67.05185185185185,1
2992.0,97,172,67655.24,172.0,67655.24,,,1
2995.0,98,52,31882.88,26.0,15941.439999999999,24.0,147.903051389346,1
3003.0,101,94,21752.85,94.0,21752.85,,,1
3009.0,99,45,3383.29,45.0,3383.29,,,1
3013.0,98,298,131314.98,298.0,131314.98,,,0
3017.0,113,2,1291.45,2.0,1291.45,,,1
3019.0,101,89,26689.42,89.0,26689.42,,,1
3021.0,97,363,139456.15,363.0,139456.15,,,0
3024.0,100,316,76482.01,316.0,76482.01,,,0
3025.0,107,14,3840.63,14.0,3840.63,,,1
3026.0,97,57,10678.25,57.0,10678.25,,,1
3033.0,103,19,4671.66,19.0,4671.66,,,1
3037.0,97,87,29238.72,87.0,29238.72,,,1
3041.0,98,145,241612.87,145.0,241612.87,,,0
3047.0,98,18,3773.25,18.0,3773.25,,,1
3049.0,101,115,57840.77,115.0,57840.77,,,1
3050.0,97,358,198963.46,358.0,198963.46,,,0
3054.0,98,95,50696.58,95.0,50696.58,,,1
3055.0,97,351,50943.12,351.0,50943.12,,,0
3061.0,98,54,20010.0,54.0,20010.0,,,1
3062.0,98,80,17776.33,80.0,17776.33,,,1
3063.0,99,34,14429.19,34.0,14429.19,,,1
3065.0,97,216,106377.55,108.0,53188.775,106.0,140.96328401134275,1
3068.0,104,15,10670.65,15.0,10670.65,,,1
3069.0,104,15,3477.44,15.0,3477.44,,,1
3145.0,97,1,3240.69,1.0,3240.69,,,1
3199.0,115,20,474.15999999999997,20.0,474.15999999999997,,,1
3232.0,97,378,306190.38,378.0,306190.38,,,0
3241.0,105,13,2154.94,13.0,2154.94,,,1
3256.0,103,1,-713.7,1.0,-713.7,,,1
3271.0,98,6,43051.520000000004,6.0,43051.520000000004,,,1
3285.0,111,2,14516.3,2.0,14516.3,,,1
3322.0,101,2,38826.0,2.0,38826.0,,,1
3324.0,112,1,8208.0,1.0,8208.0,,,1
3326.0,98,1,26999.7,1.0,26999.7,,,1
3404.0,112,1,4220.0,1.0,4220.0,,,1
3413.0,98,15,7789.91,15.0,7789.91,,,1
3418.0,107,11,22955.21,11.0,22955.21,,,1
3427.0,105,12,2494.49,12.0,2494.49,,,1
3431.0,100,10,15583.7,10.0,15583.7,,,1
3437.0,97,14,16160.060000000001,14.0,16160.060000000001,,,1
3440.0,106,2,5907.87,2.0,5907.87,,,1
3444.0,107,2,8170.59,2.0,8170.59,,,1
3448.0,107,6,8179.63,6.0,8179.63,,,1
3452.0,99,4,3064.74,4.0,3064.74,,,1
3454.0,97,1,640.16,1.0,640.16,,,1
3455.0,98,4,3330.72,4.0,3330.72,,,1
3460.0,98,159,191995.5261,159.0,191995.5261,,,0
3465.0,97,1,823.2,1.0,823.2,,,1
3477.0,99,2,527.04,2.0,527.04,,,1
3481.0,97,25,20960.979,25.0,20960.979,,,1
3628.0,97,440,36748.1825,440.0,36748.1825,,,0
3842.0,97,296,1944.8799999999999,296.0,1944.8799999999999,,,0
3881.0,97,40,42345.32,40.0,42345.32,,,1
3885.0,101,2,987.27,2.0,987.27,,,1
3897.0,113,22,4847.81,22.0,4847.81,,,1
3902.0,97,5,0.0,5.0,0.0,,,1
3907.0,100,56,17279.88,28.0,8639.94,54.0,141.63990024937658,1
3910.0,101,6,355.19,6.0,355.19,,,1
3921.0,97,1289,1381474.45,644.5,690737.225,1287.0,74151.217928073,4
3934.0,99,88,90736.74,88.0,90736.74,,,1
3941.0,112,9,5702.42,9.0,5702.42,,,1
3971.0,99,18,34922.28,18.0,34922.28,,,1
3980.0,113,14,3867.82,14.0,3867.82,,,1
3983.0,99,23,4899.74,23.0,4899.74,,,1
3989.0,97,988,455027.84,988.0,455027.84,,,3
3991.0,97,466,185409.44,233.0,92704.72,231.0,2789.8903779551274,0
3994.0,97,21,7283.099999999999,21.0,7283.099999999999,,,1
3997.0,108,14,5786.3,14.0,5786.3,,,1
3998.0,104,11,3529.87,11.0,3529.87,,,1
4004.0,99,89,40402.119999999995,89.0,40402.119999999995,,,1
4005.0,100,19,8066.99,19.0,8066.99,,,1
4006.0,100,14,683.3399999999999,14.0,683.3399999999999,,,1
4008.0,97,18,8309.17,18.0,8309.17,,,1
4011.0,99,49,8148.78,49.0,8148.78,,,1
4014.0,105,4,6830.4,4.0,6830.4,,,1
4018.0,97,18,4956.93,18.0,4956.93,,,1
4027.0,98,290,60696.38,290.0,60696.38,,,0
4030.0,100,99,38125.1,99.0,38125.1,,,1
4034.0,100,8,6409.69,8.0,6409.69,,,1
4036.0,97,1,0.0,1.0,0.0,,,1
4045.0,97,14,-356.73000000000013,14.0,-356.73000000000013,,,1
4048.0,97,50,9109.56,50.0,9109.56,,,1
4051.0,97,43,25785.0,43.0,25785.0,,,1
4053.0,98,141,56251.65,141.0,56251.65,,,1
4060.0,97,87,94029.53,87.0,94029.53,,,1
4063.0,97,266,62103.17,266.0,62103.17,,,0
4298.0,99,1,0.0,1.0,0.0,,,1
4313.0,103,1,-32.95,1.0,-32.95,,,1
4460.0,101,14,4633.96,14.0,4633.96,,,1
4760.0,104,34,61291.74,34.0,61291.74,,,1
4965.0,107,5,344.5,5.0,344.5,,,1
5171.0,99,6,100800.0,6.0,100800.0,,,1
5650.0,97,44,8127.23,44.0,8127.23,,,1
6025.0,97,2,-264.06999999999994,2.0,-264.06999999999994,,,1
6296.0,100,53,33983.0,53.0,33983.0,,,1
6454.0,112,20,4694.37,20.0,4694.37,,,1
6476.0,111,1,1860.0,1.0,1860.0,,,1
6733.0,99,6,-1958.91,6.0,-1958.91,,,1
6780.0,101,4,514.48,4.0,514.48,,,1
6797.0,99,67,26501.64,67.0,26501.64,,,1
7825.0,98,158,49351.04,158.0,49351.04,,,1
8516.0,107,2,3868.1600000000003,2.0,3868.1600000000003,,,1
8524.0,99,18,18010.52,18.0,18010.52,,,1
8560.0,106,4,6164.32,4.0,6164.32,,,1
8563.0,97,88,62464.840000000004,44.0,31232.42,86.0,572.2309248023533,1
8570.0,108,7,3557.75,7.0,3557.75,,,1
8614.0,99,127,23189.64,127.0,23189.64,,,1
8630.0,108,16,4358.83,16.0,4358.83,,,1
8661.0,98,14,2659.41,14.0,2659.41,,,1
9292.0,100,6,9702.65,6.0,9702.65,,,1
9371.0,107,29,571.0600000000001,29.0,571.0600000000001,,,1
9535.0,100,5,66751.1,5.0,66751.1,,,1
13852.0,113,1,383.31,1.0,383.31,,,1
15040.0,98,3,1933.46,3.0,1933.46,,,1
15780.0,105,6,3650.1,6.0,3650.1,,,1
16435.0,104,19,3929.66,19.0,3929.66,,,1
16449.0,106,13,23350.920000000002,13.0,23350.920000000002,,,1
17017.0,99,151,82124.27,151.0,82124.27,,,1
17039.0,111,3,1318.1,3.0,1318.1,,,1
17147.0,113,26,18944.52,26.0,18944.52,,,1
17148.0,101,1,437.0,1.0,437.0,,,1
17175.0,101,3,919.48,3.0,919.48,,,1
17351.0,98,8,3720.06,8.0,3720.06,,,1
17527.0,113,2,437.54,2.0,437.54,,,1
17582.0,111,1,-1090.56,1.0,-1090.56,,,1
17635.0,98,109,65649.92,109.0,65649.92,,,1
17663.0,111,3,3853.75,3.0,3853.75,,,1
18012.0,100,21,3959.81,21.0,3959.81,,,1
18023.0,100,7,76603.8,7.0,76603.8,,,1
18211.0,105,1,975.195,1.0,975.195,,,1
18353.0,104,14,29123.4,14.0,29123.4,,,1
18524.0,111,2,753.06,2.0,753.06,,,1
18608.0,110,6,-2349.06,6.0,-2349.06,,,1
18745.0,104,2,338.94,2.0,338.94,,,1
18870.0,99,4,55.2,4.0,55.2,,,1
18902.0,97,63,12171.52,63.0,12171.52,,,1
18960.0,100,56,22743.41,56.0,22743.41,,,1
19022.0,105,2,-62.0,2.0,-62.0,,,1
19161.0,106,1,4089.0,1.0,4089.0,,,1
19180.0,98,2,0.0,2.0,0.0,,,1
19239.0,111,4,934.37,4.0,934.37,,,1
19450.0,112,3,2795.12,3.0,2795.12,,,1
19545.0,97,6,8225.6,6.0,8225.6,,,1
19551.0,108,20,6551.8099999999995,20.0,6551.8099999999995,,,1
19552.0,97,4,10123.84,4.0,10123.84,,,1
19595.0,104,3,1971.21,3.0,1971.21,,,1
19607.0,106,2,13149.22,2.0,13149.22,,,1
19716.0,104,4,1429.02,4.0,1429.02,,,1
19800.0,98,1,-64.53,1.0,-64.53,,,1
19833.0,112,2,1842.6999999999998,2.0,1842.6999999999998,,,1
19846.0,105,13,5761.62,13.0,5761.62,,,1
19869.0,111,19,5237.29,19.0,5237.29,,,1
19971.0,112,4,3570.61,4.0,3570.61,,,1
19983.0,100,65,10686.95,65.0,10686.95,,,1
19997.0,105,2,913.49,2.0,913.49,,,1
20087.0,101,7,2540.95,7.0,2540.95,,,1
20244.0,101,14,6236.01,14.0,6236.01,,,1
20287.0,112,11,3689.4,11.0,3689.4,,,1
20313.0,100,29,4471.09,29.0,4471.09,,,1
20314.0,101,6,639.74,3.0,319.86999999999995,4.0,23.80637353771682,1
20391.0,111,4,4088.7200000000003,4.0,4088.7200000000003,,,1
20445.0,106,5,4253.62,5.0,4253.62,,,1
20448.0,106,3,1373.75,3.0,1373.75,,,1
20511.0,100,18,29349.559999999998,18.0,29349.559999999998,,,1
20688.0,100,43,16601.2754,43.0,16601.2754,,,1
20863.0,100,12,5426.5,12.0,5426.5,,,1
20945.0,99,5,26341.56,5.0,26341.56,,,1
21178.0,99,2,258.06,2.0,258.06,,,1
21183.0,98,93,129842.38,46.5,64921.19,13.5,17.546068051706413,1
21279.0,108,14,1705.4344999999998,14.0,1705.4344999999998,,,1
21332.0,111,1,-120.0,1.0,-120.0,,,1
21417.0,101,12,3486.25,12.0,3486.25,,,1
21507.0,98,5,1773.3,5.0,1773.3,,,1
21701.0,99,5,17325.739999999998,5.0,17325.739999999998,,,1
21896.0,98,34,17188.9,34.0,17188.9,,,1
22140.0,106,4,1315.29,4.0,1315.29,,,1
22157.0,99,20,7966.46,20.0,7966.46,,,1
22176.0,97,419,456419.73,419.0,456419.73,,,0
22282.0,97,3,16440.85,3.0,16440.85,,,1
22404.0,101,23,19666.329999999998,23.0,19666.329999999998,,,1
22454.0,105,2,307.91999999999996,2.0,307.91999999999996,,,1
22619.0,99,105,45154.51,105.0,45154.51,,,1
22650.0,111,5,3630.64,5.0,3630.64,,,1
22761.0,97,492,183418.81,492.0,183418.81,,,0
22815.0,111,14,3528.5,14.0,3528.5,,,1
22922.0,104,2,3766.1600000000003,2.0,3766.1600000000003,,,1
22982.0,106,3,3180.99,3.0,3180.99,,,1
23016.0,113,2,11118.2,2.0,11118.2,,,1
23183.0,113,38,14655.69,38.0,14655.69,,,1
23194.0,98,38,187842.82,38.0,187842.82,,,1
23410.0,101,4,14469.32,4.0,14469.32,,,1
23591.0,99,10,2614.66,10.0,2614.66,,,1
23845.0,100,11,7375.38,11.0,7375.38,,,1
23910.0,111,1,4073.28,1.0,4073.28,,,1
23920.0,98,30,13704.720000000001,30.0,13704.720000000001,,,1
23979.0,107,3,-38.91,3.0,-38.91,,,1
24278.0,101,2,1034.84,2.0,1034.84,,,1
24356.0,101,24,7222.54,24.0,7222.54,,,1
24466.0,113,1,13245.0,1.0,13245.0,,,1
24487.0,104,1,-100.0,1.0,-100.0,,,1
24617.0,104,6,696.53,6.0,696.53,,,1
24702.0,111,10,7426.12,10.0,7426.12,,,1
24949.0,113,2,10808.7,2.0,10808.7,,,1
24958.0,98,114,119741.02,114.0,119741.02,,,1
24971.0,103,78,52424.48,78.0,52424.48,,,1
24990.0,100,21,14380.16,21.0,14380.16,,,1
25220.0,97,32,50069.64,32.0,50069.64,,,1
25230.0,101,5,3021.0,5.0,3021.0,,,1
25265.0,97,154,125861.49,154.0,125861.49,,,0
25447.0,371,2,26.520000000000003,2.0,26.520000000000003,,,2
25587.0,99,51,14845.98,51.0,14845.98,,,1
25842.0,104,3,498.56,3.0,498.56,,,1
26131.0,100,11,5435.72,11.0,5435.72,,,1
26414.0,111,2,386.16,2.0,386.16,,,1
26475.0,111,4,470.15999999999997,4.0,470.15999999999997,,,1
26497.0,105,2,1203.06,2.0,1203.06,,,1
26522.0,98,30,39418.77,30.0,39418.77,,,1
26528.0,100,3,-157.85000000000008,3.0,-157.85000000000008,,,1
26565.0,111,11,20345.36,11.0,20345.36,,,1
27187.0,112,1,628.32,1.0,628.32,,,1
27256.0,100,3,15726.6,3.0,15726.6,,,1
27428.0,104,1,3851.52,1.0,3851.52,,,1
27442.0,111,15,3732.92,15.0,3732.92,,,1
27564.0,99,1,7694.1,1.0,7694.1,,,1
27669.0,105,2,607.2,2.0,607.2,,,1
27681.0,101,4,7400.0,4.0,7400.0,,,1
27834.0,104,4,3388.52,4.0,3388.52,,,1
27866.0,106,1,3704.0,1.0,3704.0,,,1
27870.0,104,4,3525.19,4.0,3525.19,,,1
27930.0,101,2,7596.8,2.0,7596.8,,,1
28367.0,108,2,1061.6299999999999,2.0,1061.6299999999999,,,1
28502.0,105,3,986.96,3.0,986.96,,,1
28510.0,100,3,785.78,3.0,785.78,,,1
28511.0,100,19,16000.19,19.0,16000.19,,,1
28631.0,100,5,11525.24,5.0,11525.24,,,1
28635.0,98,5,420.76,5.0,420.76,,,1
29396.0,112,2,2714.02,2.0,2714.02,,,1
29734.0,105,8,671.6,8.0,671.6,,,1
30185.0,99,2,261.24,2.0,261.24,,,1
30238.0,107,3,2433.29,3.0,2433.29,,,1
30420.0,98,28,22912.61,28.0,22912.61,,,1
30494.0,101,14,3778.41,14.0,3778.41,,,1
30517.0,378,1,16.63,1.0,16.63,,,2
30663.0,98,1,593.4,1.0,593.4,,,1
30716.0,101,3,66.8,3.0,66.8,,,1
30902.0,107,12,4297.16,12.0,4297.16,,,1
30988.0,107,8,11784.0,8.0,11784.0,,,1
31065.0,101,1,314.16,1.0,314.16,,,1
31112.0,107,7,1768.72,7.0,1768.72,,,1
31478.0,100,1,9668.0,1.0,9668.0,,,1
31599.0,98,104,68509.08,104.0,68509.08,,,1
31681.0,101,3,1328.26,3.0,1328.26,,,1
31686.0,112,2,697.07,2.0,697.07,,,1
31710.0,98,9,3967.77,9.0,3967.77,,,1
31922.0,105,7,4869.2300000000005,7.0,4869.2300000000005,,,1
32188.0,97,10,66455.52,10.0,66455.52,,,1
32247.0,98,62,3629.23,62.0,3629.23,,,1
32636.0,98,30,5000.2,30.0,5000.2,,,1
32693.0,100,9,6797.75,9.0,6797.75,,,1
32722.0,105,11,1253.7,11.0,1253.7,,,1
32723.0,98,6,101813.46,6.0,101813.46,,,1
32783.0,101,7,1943.1599999999999,7.0,1943.1599999999999,,,1
32824.0,100,5,4935.35,5.0,4935.35,,,1
32964.0,100,5,4569.0,5.0,4569.0,,,1
33001.0,69,190,91219.42,95.0,45609.71,-0.972972972972973,-1.0,1
33047.0,108,22,45469.0,22.0,45469.0,,,1
33091.0,99,3,1129.58,3.0,1129.58,,,1
33093.0,100,5,14418.109,5.0,14418.109,,,1
33109.0,100,28,5977.030000000001,28.0,5977.030000000001,,,1
33159.0,98,2,2633.6,2.0,2633.6,,,1
33201.0,108,3,11966.78,3.0,11966.78,,,1
33284.0,108,3,4884.780000000001,3.0,4884.780000000001,,,1
33455.0,99,4,4921.0,4.0,4921.0,,,1
33495.0,108,2,40000.0,2.0,40000.0,,,1
33623.0,107,2,5276.85,2.0,5276.85,,,1
33640.0,100,2,3533.2,2.0,3533.2,,,1
33667.0,100,1,5149.8,1.0,5149.8,,,1
33738.0,98,2,13511.619999999999,2.0,13511.619999999999,,,1
33812.0,108,2,326.1,2.0,326.1,,,1
34081.0,111,2,-389.2,1.0,-194.6,0.0,-7.088912133891213,1
34090.0,111,2,-6200.0,2.0,-6200.0,,,1
34288.0,101,8,377.65,8.0,377.65,,,1
34437.0,104,2,1445.04,2.0,1445.04,,,1
35103.0,100,17,14780.039999999999,17.0,14780.039999999999,,,1
35143.0,111,1,0.0,1.0,0.0,,,1
35224.0,101,1,-59.23,1.0,-59.23,,,1
35299.0,97,27,-36721.53,27.0,-36721.53,,,1
35455.0,112,2,344.76,2.0,344.76,,,1
35526.0,92,632,244203.6029,632.0,244203.6029,,,0
35779.0,100,6,489.9,6.0,489.9,,,1
35850.0,108,1,4136.16,1.0,4136.16,,,1
35858.0,108,1,-54.11,1.0,-54.11,,,1
35880.0,97,15,2686.1,15.0,2686.1,,,1
36083.0,100,4,3894.21,4.0,3894.21,,,1
36096.0,113,3,703.0,3.0,703.0,,,1
36103.0,98,19,22177.62,19.0,22177.62,,,1
36161.0,366,2,967.442,2.0,967.442,,,2
36257.0,111,4,723.0,4.0,723.0,,,1
36315.0,101,7,70.77,7.0,70.77,,,1
36334.0,107,1,0.0,1.0,0.0,,,1
36338.0,111,5,13515.02,5.0,13515.02,,,1
36360.0,106,1,588.8,1.0,588.8,,,1
36407.0,113,1,-1000.0,1.0,-1000.0,,,1
36423.0,99,2,2088.16,2.0,2088.16,,,1
36434.0,108,2,1637.8,2.0,1637.8,,,1
36436.0,108,4,1773.1,4.0,1773.1,,,1
36449.0,104,8,11869.14,8.0,11869.14,,,1
36462.0,105,5,1772.0,5.0,1772.0,,,1
36466.0,100,1,347.6,1.0,347.6,,,1
36490.0,100,1,2851.2,1.0,2851.2,,,1
36497.0,100,1,387.84,1.0,387.84,,,1
36498.0,99,1,1628.0,1.0,1628.0,,,1
36499.0,105,2,2493.6,2.0,2493.6,,,1
36529.0,105,1,6173.28,1.0,6173.28,,,1
36564.0,113,4,8513.3,4.0,8513.3,,,1
36602.0,97,4,938.81,4.0,938.81,,,1
36613.0,97,29,226993.09,29.0,226993.09,,,1
36616.0,107,2,6006.0,2.0,6006.0,,,1
36868.0,112,5,566.7,5.0,566.7,,,1
36891.0,113,2,892.17,2.0,892.17,,,1
36916.0,100,2,168.07,2.0,168.07,,,1
36947.0,113,3,386.6,3.0,386.6,,,1
36949.0,105,12,938.69,12.0,938.69,,,1
36965.0,100,1,-4.65,1.0,-4.65,,,1
36971.0,105,6,10067.68,6.0,10067.68,,,1
36983.0,101,4,217.48,4.0,217.48,,,1
36991.0,114,9,182.38,9.0,182.38,,,1
37004.0,99,3,1744.15,3.0,1744.15,,,1
37009.0,105,2,426.0,2.0,426.0,,,1
37027.0,107,24,3644.25,24.0,3644.25,,,1
37032.0,98,1,430.07,1.0,430.07,,,1
37034.0,99,15,4030.99,15.0,4030.99,,,1
37038.0,111,2,1573.73,2.0,1573.73,,,1
37041.0,108,6,443.2,6.0,443.2,,,1
37062.0,112,2,21476.0,2.0,21476.0,,,1
37066.0,99,3,1242.0,3.0,1242.0,,,1
37072.0,105,9,10752.59,9.0,10752.59,,,1
37074.0,104,1,7029.0,1.0,7029.0,,,1
37081.0,97,46,13037.48,23.0,6518.740000000001,44.0,68.36636442141624,1
37093.0,111,24,535.97,24.0,535.97,,,1
37100.0,100,8,874.37,8.0,874.37,,,1
37103.0,99,6,1161.8200000000002,6.0,1161.8200000000002,,,1
37109.0,108,5,233.3,5.0,233.3,,,1
37119.0,112,15,236.63,15.0,236.63,,,1
37129.0,105,1,1056.66,1.0,1056.66,,,1
37135.0,108,3,367.4,3.0,367.4,,,1
37145.0,101,21,456.03,21.0,456.03,,,1
37150.0,99,3,110.36,3.0,110.36,,,1
37153.0,105,8,247.9,8.0,247.9,,,1
37159.0,107,5,824.47,5.0,824.47,,,1
37163.0,113,9,171.68,9.0,171.68,,,1
37171.0,100,3,96.71,3.0,96.71,,,1
37177.0,101,6,154.32,6.0,154.32,,,1
37180.0,104,4,18701.4,4.0,18701.4,,,1
37187.0,112,2,196.35999999999999,2.0,196.35999999999999,,,1
37192.0,100,22,4050.98,22.0,4050.98,,,1
37194.0,100,8,272.29,8.0,272.29,,,1
37195.0,100,32,498.5,32.0,498.5,,,1
37222.0,106,2,-129.29000000000002,2.0,-129.29000000000002,,,1
37254.0,107,25,780.29,25.0,780.29,,,1
37270.0,104,9,179.19,9.0,179.19,,,1
37277.0,101,13,1012.4200000000001,13.0,1012.4200000000001,,,1
37281.0,104,31,1628.3,31.0,1628.3,,,1
37311.0,107,3,41492.25,3.0,41492.25,,,1
37320.0,108,3,409.75,3.0,409.75,,,1
37324.0,101,3,1167.58,3.0,1167.58,,,1
37328.0,106,6,1845.72,6.0,1845.72,,,1
37329.0,113,1,987.0,1.0,987.0,,,1
37330.0,100,2,760.72,2.0,760.72,,,1
37344.0,105,1,-204.2,1.0,-204.2,,,1
37346.0,100,1,4894.24,1.0,4894.24,,,1
37352.0,98,2,12514.3,2.0,12514.3,,,1
37355.0,107,2,9343.64,2.0,9343.64,,,1
37361.0,108,2,176.67000000000002,2.0,176.67000000000002,,,1
37367.0,105,2,3189.9,2.0,3189.9,,,1
37382.0,105,29,3714.38,29.0,3714.38,,,1
37383.0,107,1,348.0,1.0,348.0,,,1
37403.0,108,10,280.93,10.0,280.93,,,1
37405.0,97,1,5607.15,1.0,5607.15,,,1
37407.0,106,4,153.28,4.0,153.28,,,1
37414.0,107,1,0.0,1.0,0.0,,,1
37453.0,100,1,5353.85,1.0,5353.85,,,1
37459.0,108,5,45028.0,5.0,45028.0,,,1
37480.0,107,1,144.76,1.0,144.76,,,1
37488.0,106,3,4306.75,3.0,4306.75,,,1
37489.0,100,5,3944.6499999999996,5.0,3944.6499999999996,,,1
37490.0,108,2,6596.7,2.0,6596.7,,,1
37493.0,101,61,2600.08,61.0,2600.08,,,1
37494.0,100,3,-209.53,3.0,-209.53,,,1
37501.0,104,12,1625.69,12.0,1625.69,,,1
37505.0,104,4,180.37,4.0,180.37,,,1
37509.0,107,1,270.4,1.0,270.4,,,1
37515.0,113,5,1093.28,5.0,1093.28,,,1
37518.0,113,12,1010.92,12.0,1010.92,,,1
37521.0,111,6,-895.9000000000001,6.0,-895.9000000000001,,,1
37529.0,98,3,6960.0,3.0,6960.0,,,1
37531.0,113,2,0.0,2.0,0.0,,,1
37533.0,99,1,313.27,1.0,313.27,,,1
37537.0,100,17,563.64,17.0,563.64,,,1
37542.0,105,2,326.44,2.0,326.44,,,1
37544.0,107,2,12885.18,2.0,12885.18,,,1
37549.0,97,401,30073.33,401.0,30073.33,,,0
37554.0,107,3,5290.0,3.0,5290.0,,,1
37602.0,99,4,213.68,4.0,213.68,,,1
37679.0,111,4,4372.24,4.0,4372.24,,,1
37681.0,100,110,191709.56,110.0,191709.56,,,0
37752.0,113,1,490.0,1.0,490.0,,,1
37756.0,107,2,-439.07,2.0,-439.07,,,1
38805.0,106,2,700.4,2.0,700.4,,,1
38820.0,100,1,0.0,1.0,0.0,,,1
38877.0,100,9,49405.36,9.0,49405.36,,,1
39056.0,100,4,5355.0,4.0,5355.0,,,1
39145.0,99,1,0.0,1.0,0.0,,,1
39516.0,98,3,0.0,3.0,0.0,,,1
39648.0,104,20,16086.43,20.0,16086.43,,,1
39653.0,108,27,6875.28,27.0,6875.28,,,1
39718.0,106,1,0.0,1.0,0.0,,,1
39818.0,112,3,315.48,3.0,315.48,,,1
39851.0,105,4,1740.38,4.0,1740.38,,,1
39853.0,107,7,7226.64,7.0,7226.64,,,1
39907.0,112,3,1835.81,3.0,1835.81,,,1
39910.0,101,2,18218.0,2.0,18218.0,,,1
39919.0,100,2,3607.9,2.0,3607.9,,,1
39942.0,108,1,8070.0,1.0,8070.0,,,1
39948.0,97,4,854.8199999999999,4.0,854.8199999999999,,,1
39964.0,106,2,811.0,1.0,405.5,0.0,-0.10070257611241218,1
39984.0,112,1,-151.0,1.0,-151.0,,,1
40049.0,112,1,5894.0,1.0,5894.0,,,1
40051.0,107,1,286.6,1.0,286.6,,,1
40055.0,108,1,434.35,1.0,434.35,,,1
40114.0,105,3,-16.97,3.0,-16.97,,,1
40117.0,105,5,2643.16,5.0,2643.16,,,1
40118.0,105,4,60895.00000000001,4.0,60895.00000000001,,,1
40125.0,100,4,494.0,2.0,247.0,2.0,-1.1683501683501682,1
40136.0,105,1,1861.0,1.0,1861.0,,,1
40151.0,106,8,1825.99,8.0,1825.99,,,1
40176.0,98,8,4561.63,8.0,4561.63,,,1
40179.0,113,2,66.9,2.0,66.9,,,1
40185.0,104,2,14517.4,2.0,14517.4,,,1
40201.0,105,11,1410.97,11.0,1410.97,,,1
40232.0,104,7,-3271.0699999999997,3.5,-1635.5349999999999,-0.8333333333333334,-3.891962080593199,1
40240.0,100,8,19787.05,4.0,9893.525,0.6666666666666667,-0.5529964532524041,1
40259.0,106,2,410.2,2.0,410.2,,,1
40273.0,101,1,3604.8,1.0,3604.8,,,1
40282.0,98,14,2588.5099999999998,14.0,2588.5099999999998,,,1
40302.0,101,1,-83.39,1.0,-83.39,,,1
40303.0,101,9,1103.57,9.0,1103.57,,,1
40322.0,372,1,1585.98,1.0,1585.98,,,2
40345.0,105,5,10164.52,5.0,10164.52,,,1
40360.0,106,1,-1015.74,1.0,-1015.74,,,1
40370.0,98,5,31856.25,5.0,31856.25,,,1
40381.0,111,3,316.29,3.0,316.29,,,1
40391.0,101,19,13254.75,9.5,6627.375,17.0,3.496475222890317,1
40404.0,103,1,-526.0,1.0,-526.0,,,1
40410.0,100,11,1769.6399999999999,11.0,1769.6399999999999,,,1
40440.0,101,2,282.09000000000003,2.0,282.09000000000003,,,1
40448.0,101,2,771.0200000000001,2.0,771.0200000000001,,,1
40461.0,100,1,747.58,1.0,747.58,,,1
40462.0,108,1,1318.8,1.0,1318.8,,,1
40473.0,106,3,0.0,3.0,0.0,,,1
40476.0,367,1,338.3,1.0,338.3,,,2
40479.0,111,2,308.26,2.0,308.26,,,1
40483.0,367,2,255.65,2.0,255.65,,,2
40936.0,105,1,8732.0,1.0,8732.0,,,1
41295.0,108,8,1491.94,8.0,1491.94,,,1
41426.0,111,4,0.0,4.0,0.0,,,1
41598.0,100,1,358.2,1.0,358.2,,,1
41725.0,108,1,49.98,1.0,49.98,,,1
41830.0,108,6,8713.22,6.0,8713.22,,,1
41841.0,105,38,19492.06,38.0,19492.06,,,1
41949.0,97,9,0.0,9.0,0.0,,,1
42174.0,107,3,426.83,3.0,426.83,,,1
42329.0,107,1,-426.55,1.0,-426.55,,,1
42426.0,100,29,97147.86,29.0,97147.86,,,1
42507.0,98,26,23550.46,26.0,23550.46,,,1
42509.0,97,60,34676.06,60.0,34676.06,,,1
42522.0,107,24,5539.86,24.0,5539.86,,,1
42825.0,101,5,6173.18,5.0,6173.18,,,1
43476.0,108,31,3720.38,31.0,3720.38,,,1
43493.0,100,10,3579.19,10.0,3579.19,,,1
202424.0,100,6,2404.6,6.0,2404.6,,,1
